value,country_code,year,month,feature_id
,ARE,2020,1,7
,ARG,2020,1,7
,AUS,2020,1,7
,CAN,2020,1,7
0.1,CHN,2020,1,7
,CZE,2020,1,7
,DEU,2020,1,7
,EST,2020,1,7
,FIN,2020,1,7
,FJI,2020,1,7
,FRA,2020,1,7
,GBR,2020,1,7
,GRC,2020,1,7
,HKG,2020,1,7
,IND,2020,1,7
,ITA,2020,1,7
,JPN,2020,1,7
,KHM,2020,1,7
,KOR,2020,1,7
,LKA,2020,1,7
,LVA,2020,1,7
,MEX,2020,1,7
,MYS,2020,1,7
,NPL,2020,1,7
0.0,OWID_ASI,2020,1,7
,OWID_EUN,2020,1,7
,OWID_EUR,2020,1,7
,OWID_NAM,2020,1,7
,OWID_OCE,2020,1,7
0.0,OWID_WRL,2020,1,7
,PER,2020,1,7
,PHL,2020,1,7
,POL,2020,1,7
,PRT,2020,1,7
,RUS,2020,1,7
,SGP,2020,1,7
,THA,2020,1,7
,TWN,2020,1,7
,USA,2020,1,7
,VNM,2020,1,7
,AFG,2020,2,7
,ALB,2020,2,7
,ARE,2020,2,7
,ARG,2020,2,7
,AUS,2020,2,7
,AUT,2020,2,7
,BEL,2020,2,7
,BHR,2020,2,7
,BLR,2020,2,7
,BRA,2020,2,7
,CAN,2020,2,7
,CHE,2020,2,7
,CHL,2020,2,7
2.0,CHN,2020,2,7
,CZE,2020,2,7
,DEU,2020,2,7
,DNK,2020,2,7
,DZA,2020,2,7
,EGY,2020,2,7
,ESP,2020,2,7
,EST,2020,2,7
,FIN,2020,2,7
,FJI,2020,2,7
0.0,FRA,2020,2,7
,GBR,2020,2,7
,GEO,2020,2,7
,GRC,2020,2,7
,GTM,2020,2,7
0.3,HKG,2020,2,7
,HRV,2020,2,7
,IND,2020,2,7
,IRL,2020,2,7
0.5,IRN,2020,2,7
,IRQ,2020,2,7
,ISL,2020,2,7
,ISR,2020,2,7
0.5,ITA,2020,2,7
0.0,JPN,2020,2,7
,KHM,2020,2,7
0.3,KOR,2020,2,7
,KWT,2020,2,7
,LBN,2020,2,7
,LKA,2020,2,7
,LTU,2020,2,7
,LUX,2020,2,7
,LVA,2020,2,7
,MAR,2020,2,7
,MCO,2020,2,7
,MEX,2020,2,7
,MKD,2020,2,7
,MYS,2020,2,7
,NGA,2020,2,7
,NLD,2020,2,7
,NOR,2020,2,7
,NPL,2020,2,7
,NZL,2020,2,7
,OMN,2020,2,7
,OWID_AFR,2020,2,7
0.6,OWID_ASI,2020,2,7
0.1,OWID_EUN,2020,2,7
0.0,OWID_EUR,2020,2,7
,OWID_INT,2020,2,7
0.0,OWID_NAM,2020,2,7
,OWID_OCE,2020,2,7
,OWID_SAM,2020,2,7
0.4,OWID_WRL,2020,2,7
,PAK,2020,2,7
,PER,2020,2,7
0.0,PHL,2020,2,7
,POL,2020,2,7
,PRT,2020,2,7
,QAT,2020,2,7
,ROU,2020,2,7
,RUS,2020,2,7
,SEN,2020,2,7
,SGP,2020,2,7
29.4,SMR,2020,2,7
,SRB,2020,2,7
,SVN,2020,2,7
,SWE,2020,2,7
,THA,2020,2,7
0.0,TWN,2020,2,7
0.0,USA,2020,2,7
,VNM,2020,2,7
,ZAF,2020,2,7
0.1,AFG,2020,3,7
0.1,AGO,2020,3,7
5.2,ALB,2020,3,7
155.1,AND,2020,3,7
0.6,ARE,2020,3,7
0.6,ARG,2020,3,7
1.0,ARM,2020,3,7
,ATG,2020,3,7
0.7,AUS,2020,3,7
14.2,AUT,2020,3,7
0.5,AZE,2020,3,7
,BDI,2020,3,7
60.6,BEL,2020,3,7
,BEN,2020,3,7
0.7,BFA,2020,3,7
0.0,BGD,2020,3,7
1.2,BGR,2020,3,7
2.3,BHR,2020,3,7
,BHS,2020,3,7
4.0,BIH,2020,3,7
0.1,BLR,2020,3,7
,BLZ,2020,3,7
0.5,BOL,2020,3,7
0.9,BRA,2020,3,7
,BRB,2020,3,7
2.3,BRN,2020,3,7
,BTN,2020,3,7
0.4,BWA,2020,3,7
,CAF,2020,3,7
4.0,CAN,2020,3,7
55.6,CHE,2020,3,7
0.6,CHL,2020,3,7
2.3,CHN,2020,3,7
0.0,CIV,2020,3,7
0.2,CMR,2020,3,7
0.1,COD,2020,3,7
,COG,2020,3,7
0.3,COL,2020,3,7
1.8,CPV,2020,3,7
0.4,CRI,2020,3,7
0.5,CUB,2020,3,7
7.8,CYP,2020,3,7
2.9,CZE,2020,3,7
9.2,DEU,2020,3,7
,DJI,2020,3,7
,DMA,2020,3,7
15.5,DNK,2020,3,7
4.7,DOM,2020,3,7
1.0,DZA,2020,3,7
4.2,ECU,2020,3,7
0.4,EGY,2020,3,7
,ERI,2020,3,7
181.1,ESP,2020,3,7
3.0,EST,2020,3,7
,ETH,2020,3,7
3.1,FIN,2020,3,7
,FJI,2020,3,7
52.2,FRA,2020,3,7
0.4,GAB,2020,3,7
36.0,GBR,2020,3,7
,GEO,2020,3,7
0.2,GHA,2020,3,7
,GIN,2020,3,7
0.4,GMB,2020,3,7
,GNB,2020,3,7
,GNQ,2020,3,7
3.7,GRC,2020,3,7
,GRD,2020,3,7
0.1,GTM,2020,3,7
2.5,GUY,2020,3,7
0.5,HKG,2020,3,7
0.7,HND,2020,3,7
1.5,HRV,2020,3,7
,HTI,2020,3,7
1.7,HUN,2020,3,7
0.5,IDN,2020,3,7
0.0,IND,2020,3,7
14.2,IRL,2020,3,7
34.1,IRN,2020,3,7
1.2,IRQ,2020,3,7
5.8,ISL,2020,3,7
2.4,ISR,2020,3,7
205.9,ITA,2020,3,7
0.3,JAM,2020,3,7
0.5,JOR,2020,3,7
0.5,JPN,2020,3,7
0.1,KAZ,2020,3,7
0.0,KEN,2020,3,7
,KGZ,2020,3,7
,KHM,2020,3,7
,KNA,2020,3,7
3.2,KOR,2020,3,7
,KWT,2020,3,7
,LAO,2020,3,7
1.8,LBN,2020,3,7
,LBR,2020,3,7
,LBY,2020,3,7
,LCA,2020,3,7
,LIE,2020,3,7
0.1,LKA,2020,3,7
1.5,LTU,2020,3,7
36.2,LUX,2020,3,7
,LVA,2020,3,7
1.0,MAR,2020,3,7
25.3,MCO,2020,3,7
1.0,MDA,2020,3,7
,MDG,2020,3,7
,MDV,2020,3,7
0.2,MEX,2020,3,7
4.3,MKD,2020,3,7
0.1,MLI,2020,3,7
,MLT,2020,3,7
0.0,MMR,2020,3,7
3.2,MNE,2020,3,7
,MNG,2020,3,7
,MOZ,2020,3,7
0.2,MRT,2020,3,7
3.9,MUS,2020,3,7
,MWI,2020,3,7
1.5,MYS,2020,3,7
,NAM,2020,3,7
0.1,NER,2020,3,7
0.0,NGA,2020,3,7
0.1,NIC,2020,3,7
60.6,NLD,2020,3,7
7.1,NOR,2020,3,7
,NPL,2020,3,7
0.2,NZL,2020,3,7
0.2,OMN,2020,3,7
0.1,OWID_AFR,2020,3,7
1.5,OWID_ASI,2020,3,7
62.7,OWID_EUN,2020,3,7
41.6,OWID_EUR,2020,3,7
,OWID_INT,2020,3,7
0.6,OWID_KOS,2020,3,7
9.5,OWID_NAM,2020,3,7
0.4,OWID_OCE,2020,3,7
1.1,OWID_SAM,2020,3,7
5.7,OWID_WRL,2020,3,7
0.1,PAK,2020,3,7
6.8,PAN,2020,3,7
4.1,PER,2020,3,7
0.8,PHL,2020,3,7
,PNG,2020,3,7
0.9,POL,2020,3,7
15.7,PRT,2020,3,7
0.4,PRY,2020,3,7
0.2,PSE,2020,3,7
0.7,QAT,2020,3,7
4.3,ROU,2020,3,7
0.1,RUS,2020,3,7
,RWA,2020,3,7
0.3,SAU,2020,3,7
0.0,SDN,2020,3,7
,SEN,2020,3,7
0.5,SGP,2020,3,7
,SLE,2020,3,7
0.2,SLV,2020,3,7
764.5,SMR,2020,3,7
,SOM,2020,3,7
2.3,SRB,2020,3,7
,SUR,2020,3,7
,SVK,2020,3,7
7.2,SVN,2020,3,7
37.9,SWE,2020,3,7
,SWZ,2020,3,7
,SYC,2020,3,7
0.1,SYR,2020,3,7
,TCD,2020,3,7
0.1,TGO,2020,3,7
0.1,THA,2020,3,7
,TLS,2020,3,7
2.1,TTO,2020,3,7
0.8,TUN,2020,3,7
2.5,TUR,2020,3,7
0.2,TWN,2020,3,7
0.0,TZA,2020,3,7
,UGA,2020,3,7
0.4,UKR,2020,3,7
0.3,URY,2020,3,7
16.1,USA,2020,3,7
0.1,UZB,2020,3,7
,VAT,2020,3,7
,VCT,2020,3,7
0.1,VEN,2020,3,7
,VNM,2020,3,7
0.1,ZAF,2020,3,7
,ZMB,2020,3,7
0.1,ZWE,2020,3,7
1.5,AFG,2020,4,7
0.1,AGO,2020,4,7
10.8,ALB,2020,4,7
543.0,AND,2020,4,7
10.5,ARE,2020,4,7
4.8,ARG,2020,4,7
10.8,ARM,2020,4,7
30.4,ATG,2020,4,7
3.6,AUS,2020,4,7
64.6,AUT,2020,4,7
2.3,AZE,2020,4,7
0.1,BDI,2020,4,7
652.8,BEL,2020,4,7
0.1,BEN,2020,4,7
2.0,BFA,2020,4,7
1.0,BGD,2020,4,7
9.6,BGR,2020,4,7
4.6,BHR,2020,4,7
27.7,BHS,2020,4,7
21.1,BIH,2020,4,7
9.4,BLR,2020,4,7
4.9,BLZ,2020,4,7
5.2,BOL,2020,4,7
28.1,BRA,2020,4,7
24.3,BRB,2020,4,7
2.3,BRN,2020,4,7
,BTN,2020,4,7
0.4,BWA,2020,4,7
,CAF,2020,4,7
109.8,CAN,2020,4,7
191.0,CHE,2020,4,7
11.8,CHL,2020,4,7
3.2,CHN,2020,4,7
0.5,CIV,2020,4,7
2.2,CMR,2020,4,7
0.3,COD,2020,4,7
1.6,COG,2020,4,7
5.7,COL,2020,4,7
,COM,2020,4,7
1.8,CPV,2020,4,7
1.2,CRI,2020,4,7
5.4,CUB,2020,4,7
16.7,CYP,2020,4,7
22.0,CZE,2020,4,7
78.9,DEU,2020,4,7
2.0,DJI,2020,4,7
,DMA,2020,4,7
77.8,DNK,2020,4,7
27.5,DOM,2020,4,7
10.1,DZA,2020,4,7
50.3,ECU,2020,4,7
3.8,EGY,2020,4,7
,ERI,2020,4,7
525.0,ESP,2020,4,7
39.2,EST,2020,4,7
0.0,ETH,2020,4,7
38.0,FIN,2020,4,7
,FJI,2020,4,7
360.4,FRA,2020,4,7
1.3,GAB,2020,4,7
392.2,GBR,2020,4,7
1.5,GEO,2020,4,7
0.5,GHA,2020,4,7
0.5,GIN,2020,4,7
0.4,GMB,2020,4,7
0.5,GNB,2020,4,7
0.7,GNQ,2020,4,7
13.5,GRC,2020,4,7
,GRD,2020,4,7
0.9,GTM,2020,4,7
11.4,GUY,2020,4,7
0.5,HKG,2020,4,7
7.1,HND,2020,4,7
16.9,HRV,2020,4,7
0.5,HTI,2020,4,7
32.4,HUN,2020,4,7
2.9,IDN,2020,4,7
0.8,IND,2020,4,7
247.2,IRL,2020,4,7
70.9,IRN,2020,4,7
2.3,IRQ,2020,4,7
29.1,ISL,2020,4,7
25.6,ISR,2020,4,7
463.3,ITA,2020,4,7
2.7,JAM,2020,4,7
0.8,JOR,2020,4,7
3.8,JPN,2020,4,7
1.3,KAZ,2020,4,7
0.3,KEN,2020,4,7
1.2,KGZ,2020,4,7
,KHM,2020,4,7
,KNA,2020,4,7
4.8,KOR,2020,4,7
6.0,KWT,2020,4,7
,LAO,2020,4,7
3.5,LBN,2020,4,7
3.1,LBR,2020,4,7
0.4,LBY,2020,4,7
,LCA,2020,4,7
26.1,LIE,2020,4,7
0.3,LKA,2020,4,7
11.9,LTU,2020,4,7
141.8,LUX,2020,4,7
8.0,LVA,2020,4,7
4.6,MAR,2020,4,7
101.2,MCO,2020,4,7
28.8,MDA,2020,4,7
,MDG,2020,4,7
1.8,MDV,2020,4,7
14.3,MEX,2020,4,7
37.0,MKD,2020,4,7
1.2,MLI,2020,4,7
7.8,MLT,2020,4,7
0.1,MMR,2020,4,7
11.1,MNE,2020,4,7
,MNG,2020,4,7
,MOZ,2020,4,7
0.2,MRT,2020,4,7
7.9,MUS,2020,4,7
0.2,MWI,2020,4,7
3.1,MYS,2020,4,7
,NAM,2020,4,7
1.3,NER,2020,4,7
0.3,NGA,2020,4,7
0.4,NIC,2020,4,7
280.1,NLD,2020,4,7
38.4,NOR,2020,4,7
,NPL,2020,4,7
3.9,NZL,2020,4,7
2.1,OMN,2020,4,7
1.2,OWID_AFR,2020,4,7
4.0,OWID_ASI,2020,4,7
233.6,OWID_EUN,2020,4,7
180.4,OWID_EUR,2020,4,7
,OWID_INT,2020,4,7
12.4,OWID_KOS,2020,4,7
122.2,OWID_NAM,2020,4,7
2.6,OWID_OCE,2020,4,7
28.9,OWID_SAM,2020,4,7
30.6,OWID_WRL,2020,4,7
1.9,PAK,2020,4,7
42.9,PAN,2020,4,7
143.3,PER,2020,4,7
5.1,PHL,2020,4,7
,PNG,2020,4,7
17.0,POL,2020,4,7
97.3,PRT,2020,4,7
1.4,PRY,2020,4,7
0.4,PSE,2020,4,7
3.4,QAT,2020,4,7
37.5,ROU,2020,4,7
7.4,RUS,2020,4,7
,RWA,2020,4,7
4.6,SAU,2020,4,7
0.7,SDN,2020,4,7
0.5,SEN,2020,4,7
2.5,SGP,2020,4,7
0.9,SLE,2020,4,7
1.5,SLV,2020,4,7
1205.5,SMR,2020,4,7
1.7,SOM,2020,4,7
25.9,SRB,2020,4,7
,SSD,2020,4,7
,STP,2020,4,7
1.7,SUR,2020,4,7
4.2,SVK,2020,4,7
43.8,SVN,2020,4,7
254.5,SWE,2020,4,7
0.9,SWZ,2020,4,7
,SYC,2020,4,7
0.2,SYR,2020,4,7
0.3,TCD,2020,4,7
1.1,TGO,2020,4,7
0.8,THA,2020,4,7
,TLS,2020,4,7
5.7,TTO,2020,4,7
3.4,TUN,2020,4,7
37.3,TUR,2020,4,7
0.3,TWN,2020,4,7
0.3,TZA,2020,4,7
,UGA,2020,4,7
6.0,UKR,2020,4,7
4.9,URY,2020,4,7
198.7,USA,2020,4,7
0.3,UZB,2020,4,7
,VAT,2020,4,7
,VCT,2020,4,7
0.6,VEN,2020,4,7
,VNM,2020,4,7
0.1,YEM,2020,4,7
1.7,ZAF,2020,4,7
0.2,ZMB,2020,4,7
0.3,ZWE,2020,4,7
6.4,AFG,2020,5,7
0.1,AGO,2020,5,7
11.5,ALB,2020,5,7
659.3,AND,2020,5,7
26.4,ARE,2020,5,7
11.8,ARG,2020,5,7
44.1,ARM,2020,5,7
30.4,ATG,2020,5,7
4.0,AUS,2020,5,7
73.9,AUT,2020,5,7
6.2,AZE,2020,5,7
0.1,BDI,2020,5,7
813.9,BEL,2020,5,7
0.2,BEN,2020,5,7
2.5,BFA,2020,5,7
3.9,BGD,2020,5,7
20.3,BGR,2020,5,7
10.9,BHR,2020,5,7
27.7,BHS,2020,5,7
46.9,BIH,2020,5,7
24.9,BLR,2020,5,7
4.9,BLZ,2020,5,7
26.5,BOL,2020,5,7
137.0,BRA,2020,5,7
24.3,BRB,2020,5,7
4.5,BRN,2020,5,7
,BTN,2020,5,7
0.4,BWA,2020,5,7
0.4,CAF,2020,5,7
207.7,CAN,2020,5,7
206.1,CHE,2020,5,7
54.9,CHL,2020,5,7
3.2,CHN,2020,5,7
1.2,CIV,2020,5,7
7.0,CMR,2020,5,7
0.8,COD,2020,5,7
3.5,COG,2020,5,7
18.3,COL,2020,5,7
2.3,COM,2020,5,7
7.1,CPV,2020,5,7
1.9,CRI,2020,5,7
7.3,CUB,2020,5,7
19.0,CYP,2020,5,7
29.8,CZE,2020,5,7
101.8,DEU,2020,5,7
23.9,DJI,2020,5,7
,DMA,2020,5,7
98.7,DNK,2020,5,7
45.8,DOM,2020,5,7
14.6,DZA,2020,5,7
187.7,ECU,2020,5,7
9.2,EGY,2020,5,7
,ERI,2020,5,7
580.3,ESP,2020,5,7
51.3,EST,2020,5,7
0.1,ETH,2020,5,7
57.7,FIN,2020,5,7
,FJI,2020,5,7
426.3,FRA,2020,5,7
7.5,GAB,2020,5,7
550.2,GBR,2020,5,7
3.0,GEO,2020,5,7
1.1,GHA,2020,5,7
1.7,GIN,2020,5,7
0.4,GMB,2020,5,7
4.0,GNB,2020,5,7
8.3,GNQ,2020,5,7
16.9,GRC,2020,5,7
,GRD,2020,5,7
5.9,GTM,2020,5,7
15.2,GUY,2020,5,7
0.5,HKG,2020,5,7
21.1,HND,2020,5,7
25.2,HRV,2020,5,7
3.0,HTI,2020,5,7
54.6,HUN,2020,5,7
5.8,IDN,2020,5,7
3.9,IND,2020,5,7
331.5,IRL,2020,5,7
91.7,IRN,2020,5,7
5.0,IRQ,2020,5,7
29.1,ISL,2020,5,7
32.7,ISR,2020,5,7
553.5,ITA,2020,5,7
3.0,JAM,2020,5,7
0.9,JOR,2020,5,7
7.1,JPN,2020,5,7
2.2,KAZ,2020,5,7
1.2,KEN,2020,5,7
2.4,KGZ,2020,5,7
,KHM,2020,5,7
,KNA,2020,5,7
5.3,KOR,2020,5,7
49.0,KWT,2020,5,7
,LAO,2020,5,7
4.0,LBN,2020,5,7
5.2,LBR,2020,5,7
0.7,LBY,2020,5,7
,LCA,2020,5,7
26.1,LIE,2020,5,7
0.5,LKA,2020,5,7
,LSO,2020,5,7
20.1,LTU,2020,5,7
173.3,LUX,2020,5,7
12.9,LVA,2020,5,7
5.5,MAR,2020,5,7
101.2,MCO,2020,5,7
73.3,MDA,2020,5,7
0.2,MDG,2020,5,7
9.2,MDV,2020,5,7
76.2,MEX,2020,5,7
63.9,MKD,2020,5,7
3.7,MLI,2020,5,7
17.5,MLT,2020,5,7
0.1,MMR,2020,5,7
14.3,MNE,2020,5,7
,MNG,2020,5,7
0.1,MOZ,2020,5,7
4.8,MRT,2020,5,7
7.9,MUS,2020,5,7
0.2,MWI,2020,5,7
3.5,MYS,2020,5,7
,NAM,2020,5,7
2.5,NER,2020,5,7
1.4,NGA,2020,5,7
5.2,NIC,2020,5,7
347.9,NLD,2020,5,7
43.2,NOR,2020,5,7
0.3,NPL,2020,5,7
4.5,NZL,2020,5,7
9.4,OMN,2020,5,7
3.1,OWID_AFR,2020,5,7
6.6,OWID_ASI,2020,5,7
282.6,OWID_EUN,2020,5,7
230.4,OWID_EUR,2020,5,7
,OWID_INT,2020,5,7
16.9,OWID_KOS,2020,5,7
212.7,OWID_NAM,2020,5,7
2.9,OWID_OCE,2020,5,7
129.6,OWID_SAM,2020,5,7
49.6,OWID_WRL,2020,5,7
6.9,PAK,2020,5,7
76.7,PAN,2020,5,7
620.8,PER,2020,5,7
8.6,PHL,2020,5,7
,PNG,2020,5,7
28.2,POL,2020,5,7
138.7,PRT,2020,5,7
1.5,PRY,2020,5,7
0.6,PSE,2020,5,7
13.0,QAT,2020,5,7
66.2,ROU,2020,5,7
32.2,RUS,2020,5,7
0.1,RWA,2020,5,7
14.2,SAU,2020,5,7
6.4,SDN,2020,5,7
2.4,SEN,2020,5,7
3.9,SGP,2020,5,7
5.6,SLE,2020,5,7
7.1,SLV,2020,5,7
1234.9,SMR,2020,5,7
4.8,SOM,2020,5,7
35.2,SRB,2020,5,7
0.9,SSD,2020,5,7
53.7,STP,2020,5,7
1.7,SUR,2020,5,7
5.1,SVK,2020,5,7
52.0,SVN,2020,5,7
432.6,SWE,2020,5,7
1.7,SWZ,2020,5,7
,SYC,2020,5,7
0.3,SYR,2020,5,7
3.8,TCD,2020,5,7
1.5,TGO,2020,5,7
0.8,THA,2020,5,7
4.8,TJK,2020,5,7
,TLS,2020,5,7
5.7,TTO,2020,5,7
4.0,TUN,2020,5,7
53.4,TUR,2020,5,7
0.3,TWN,2020,5,7
0.3,TZA,2020,5,7
,UGA,2020,5,7
16.3,UKR,2020,5,7
6.3,URY,2020,5,7
323.4,USA,2020,5,7
0.4,UZB,2020,5,7
,VAT,2020,5,7
,VCT,2020,5,7
0.5,VEN,2020,5,7
,VNM,2020,5,7
2.6,YEM,2020,5,7
11.4,ZAF,2020,5,7
0.4,ZMB,2020,5,7
0.3,ZWE,2020,5,7
18.6,AFG,2020,6,7
0.4,AGO,2020,6,7
21.6,ALB,2020,6,7
672.2,AND,2020,6,7
31.5,ARE,2020,6,7
28.7,ARG,2020,6,7
149.3,ARM,2020,6,7
30.4,ATG,2020,6,7
4.0,AUS,2020,6,7
78.0,AUT,2020,6,7
20.8,AZE,2020,6,7
0.1,BDI,2020,6,7
837.9,BEL,2020,6,7
1.7,BEN,2020,6,7
2.5,BFA,2020,6,7
11.1,BGD,2020,6,7
33.4,BGR,2020,6,7
49.8,BHR,2020,6,7
27.7,BHS,2020,6,7
57.0,BIH,2020,6,7
41.5,BLR,2020,6,7
4.9,BLZ,2020,6,7
94.9,BOL,2020,6,7
278.5,BRA,2020,6,7
24.3,BRB,2020,6,7
6.8,BRN,2020,6,7
,BTN,2020,6,7
0.4,BWA,2020,6,7
9.6,CAF,2020,6,7
230.6,CAN,2020,6,7
207.6,CHE,2020,6,7
296.1,CHL,2020,6,7
3.2,CHN,2020,6,7
2.5,CIV,2020,6,7
11.5,CMR,2020,6,7
1.8,COD,2020,6,7
6.5,COG,2020,6,7
65.0,COL,2020,6,7
7.9,COM,2020,6,7
26.7,CPV,2020,6,7
3.1,CRI,2020,6,7
7.6,CUB,2020,6,7
21.2,CYP,2020,6,7
32.5,CZE,2020,6,7
107.2,DEU,2020,6,7
53.9,DJI,2020,6,7
,DMA,2020,6,7
104.1,DNK,2020,6,7
68.2,DOM,2020,6,7
20.4,DZA,2020,6,7
253.1,ECU,2020,6,7
28.3,EGY,2020,6,7
,ERI,2020,6,7
606.6,ESP,2020,6,7
52.1,EST,2020,6,7
0.9,ETH,2020,6,7
59.1,FIN,2020,6,7
,FJI,2020,6,7
441.7,FRA,2020,6,7
18.4,GAB,2020,6,7
593.5,GBR,2020,6,7
3.8,GEO,2020,6,7
3.5,GHA,2020,6,7
2.4,GIN,2020,6,7
0.8,GMB,2020,6,7
11.9,GNB,2020,6,7
22.1,GNQ,2020,6,7
18.5,GRC,2020,6,7
,GRD,2020,6,7
42.4,GTM,2020,6,7
15.2,GUY,2020,6,7
0.9,HKG,2020,6,7
49.4,HND,2020,6,7
26.2,HRV,2020,6,7
9.0,HTI,2020,6,7
60.7,HUN,2020,6,7
10.4,IDN,2020,6,7
12.5,IND,2020,6,7
348.4,IRL,2020,6,7
127.2,IRN,2020,6,7
47.2,IRQ,2020,6,7
29.1,ISL,2020,6,7
37.2,ISR,2020,6,7
575.9,ITA,2020,6,7
3.4,JAM,2020,6,7
0.9,JOR,2020,6,7
7.7,JPN,2020,6,7
9.9,KAZ,2020,6,7
2.7,KEN,2020,6,7
9.2,KGZ,2020,6,7
,KHM,2020,6,7
,KNA,2020,6,7
5.5,KOR,2020,6,7
81.8,KWT,2020,6,7
,LAO,2020,6,7
5.0,LBN,2020,6,7
7.0,LBR,2020,6,7
3.4,LBY,2020,6,7
,LCA,2020,6,7
26.1,LIE,2020,6,7
0.5,LKA,2020,6,7
,LSO,2020,6,7
22.7,LTU,2020,6,7
173.3,LUX,2020,6,7
16.1,LVA,2020,6,7
6.1,MAR,2020,6,7
101.2,MCO,2020,6,7
135.4,MDA,2020,6,7
0.7,MDG,2020,6,7
16.6,MDV,2020,6,7
213.2,MEX,2020,6,7
145.0,MKD,2020,6,7
5.6,MLI,2020,6,7
17.5,MLT,2020,6,7
0.1,MMR,2020,6,7
19.1,MNE,2020,6,7
,MNG,2020,6,7
0.2,MOZ,2020,6,7
27.0,MRT,2020,6,7
7.9,MUS,2020,6,7
0.7,MWI,2020,6,7
3.7,MYS,2020,6,7
,NAM,2020,6,7
2.7,NER,2020,6,7
2.8,NGA,2020,6,7
12.4,NIC,2020,6,7
357.1,NLD,2020,6,7
45.7,NOR,2020,6,7
1.0,NPL,2020,6,7
4.5,NZL,2020,6,7
33.7,OMN,2020,6,7
7.4,OWID_AFR,2020,6,7
12.2,OWID_ASI,2020,6,7
297.7,OWID_EUN,2020,6,7
251.1,OWID_EUR,2020,6,7
,OWID_INT,2020,6,7
27.6,OWID_KOS,2020,6,7
280.0,OWID_NAM,2020,6,7
2.9,OWID_OCE,2020,6,7
261.6,OWID_SAM,2020,6,7
68.1,OWID_WRL,2020,6,7
19.5,PAK,2020,6,7
144.0,PAN,2020,6,7
1136.1,PER,2020,6,7
11.4,PHL,2020,6,7
,PNG,2020,6,7
38.7,POL,2020,6,7
155.0,PRT,2020,6,7
2.4,PRY,2020,6,7
1.5,PSE,2020,6,7
38.6,QAT,2020,6,7
86.3,ROU,2020,6,7
63.8,RUS,2020,6,7
0.2,RWA,2020,6,7
46.7,SAU,2020,6,7
12.7,SDN,2020,6,7
6.5,SEN,2020,6,7
4.4,SGP,2020,6,7
7.4,SLE,2020,6,7
26.7,SLV,2020,6,7
1234.9,SMR,2020,6,7
5.5,SOM,2020,6,7
40.1,SRB,2020,6,7
3.3,SSD,2020,6,7
58.2,STP,2020,6,7
22.0,SUR,2020,6,7
5.1,SVK,2020,6,7
53.4,SVN,2020,6,7
524.9,SWE,2020,6,7
9.4,SWZ,2020,6,7
,SYC,2020,6,7
0.5,SYR,2020,6,7
4.4,TCD,2020,6,7
1.7,TGO,2020,6,7
0.8,THA,2020,6,7
5.3,TJK,2020,6,7
,TLS,2020,6,7
5.7,TTO,2020,6,7
4.2,TUN,2020,6,7
60.3,TUR,2020,6,7
0.3,TWN,2020,6,7
0.3,TZA,2020,6,7
,UGA,2020,6,7
27.0,UKR,2020,6,7
7.7,URY,2020,6,7
382.6,USA,2020,6,7
0.8,UZB,2020,6,7
,VAT,2020,6,7
,VCT,2020,6,7
1.8,VEN,2020,6,7
,VNM,2020,6,7
10.2,YEM,2020,6,7
44.3,ZAF,2020,6,7
1.3,ZMB,2020,6,7
0.5,ZWE,2020,6,7
32.0,AFG,2020,7,7
1.5,AGO,2020,7,7
54.6,ALB,2020,7,7
672.2,AND,2020,7,7
35.1,ARE,2020,7,7
77.7,ARG,2020,7,7
248.6,ARM,2020,7,7
30.4,ATG,2020,7,7
7.8,AUS,2020,7,7
79.4,AUT,2020,7,7
43.8,AZE,2020,7,7
0.1,BDI,2020,7,7
846.0,BEL,2020,7,7
2.9,BEN,2020,7,7
2.5,BFA,2020,7,7
18.7,BGD,2020,7,7
55.5,BGR,2020,7,7
84.1,BHR,2020,7,7
35.3,BHS,2020,7,7
103.9,BIH,2020,7,7
59.2,BLR,2020,7,7
4.9,BLZ,2020,7,7
251.6,BOL,2020,7,7
432.1,BRA,2020,7,7
24.3,BRB,2020,7,7
6.8,BRN,2020,7,7
,BTN,2020,7,7
0.8,BWA,2020,7,7
12.0,CAF,2020,7,7
237.1,CAN,2020,7,7
209.6,CHE,2020,7,7
492.2,CHL,2020,7,7
3.2,CHN,2020,7,7
3.8,CIV,2020,7,7
14.4,CMR,2020,7,7
2.3,COD,2020,7,7
9.5,COG,2020,7,7
197.1,COL,2020,7,7
7.9,COM,2020,7,7
40.9,CPV,2020,7,7
29.2,CRI,2020,7,7
7.7,CUB,2020,7,7
21.2,CYP,2020,7,7
35.6,CZE,2020,7,7
109.0,DEU,2020,7,7
57.9,DJI,2020,7,7
,DMA,2020,7,7
105.8,DNK,2020,7,7
105.9,DOM,2020,7,7
27.1,DZA,2020,7,7
318.8,ECU,2020,7,7
46.1,EGY,2020,7,7
,ERI,2020,7,7
608.5,ESP,2020,7,7
52.1,EST,2020,7,7
2.3,ETH,2020,7,7
59.3,FIN,2020,7,7
1.1,FJI,2020,7,7
448.0,FRA,2020,7,7
21.5,GAB,2020,7,7
605.1,GBR,2020,7,7
4.3,GEO,2020,7,7
5.7,GHA,2020,7,7
3.4,GIN,2020,7,7
3.6,GMB,2020,7,7
12.9,GNB,2020,7,7
57.2,GNQ,2020,7,7
19.9,GRC,2020,7,7
,GRD,2020,7,7
105.4,GTM,2020,7,7
25.3,GUY,2020,7,7
3.6,HKG,2020,7,7
132.9,HND,2020,7,7
35.5,HRV,2020,7,7
13.8,HTI,2020,7,7
61.9,HUN,2020,7,7
18.6,IDN,2020,7,7
26.2,IND,2020,7,7
353.8,IRL,2020,7,7
197.2,IRN,2020,7,7
115.1,IRQ,2020,7,7
29.1,ISL,2020,7,7
64.2,ISR,2020,7,7
582.1,ITA,2020,7,7
3.4,JAM,2020,7,7
1.1,JOR,2020,7,7
8.0,JPN,2020,7,7
41.7,KAZ,2020,7,7
6.2,KEN,2020,7,7
207.9,KGZ,2020,7,7
,KHM,2020,7,7
,KNA,2020,7,7
5.9,KOR,2020,7,7
103.3,KWT,2020,7,7
,LAO,2020,7,7
9.0,LBN,2020,7,7
14.1,LBR,2020,7,7
10.6,LBY,2020,7,7
,LCA,2020,7,7
26.1,LIE,2020,7,7
0.5,LKA,2020,7,7
6.0,LSO,2020,7,7
23.4,LTU,2020,7,7
179.6,LUX,2020,7,7
17.1,LVA,2020,7,7
9.5,MAR,2020,7,7
101.2,MCO,2020,7,7
193.3,MDA,2020,7,7
3.7,MDG,2020,7,7
29.4,MDV,2020,7,7
358.4,MEX,2020,7,7
233.4,MKD,2020,7,7
5.9,MLI,2020,7,7
17.5,MLT,2020,7,7
0.1,MMR,2020,7,7
76.4,MNE,2020,7,7
,MNG,2020,7,7
0.3,MOZ,2020,7,7
32.9,MRT,2020,7,7
7.9,MUS,2020,7,7
5.8,MWI,2020,7,7
3.8,MYS,2020,7,7
3.9,NAM,2020,7,7
2.7,NER,2020,7,7
4.2,NGA,2020,7,7
17.3,NIC,2020,7,7
359.0,NLD,2020,7,7
46.7,NOR,2020,7,7
1.9,NPL,2020,7,7
4.5,NZL,2020,7,7
80.6,OMN,2020,7,7
14.3,OWID_AFR,2020,7,7
20.7,OWID_ASI,2020,7,7
304.4,OWID_EUN,2020,7,7
264.9,OWID_EUR,2020,7,7
,OWID_INT,2020,7,7
127.9,OWID_KOS,2020,7,7
362.7,OWID_NAM,2020,7,7
5.2,OWID_OCE,2020,7,7
415.7,OWID_SAM,2020,7,7
90.4,OWID_WRL,2020,7,7
26.4,PAK,2020,7,7
324.3,PAN,2020,7,7
1678.1,PER,2020,7,7
18.2,PHL,2020,7,7
0.2,PNG,2020,7,7
45.4,POL,2020,7,7
170.6,PRT,2020,7,7
6.8,PRY,2020,7,7
15.7,PSE,2020,7,7
59.4,QAT,2020,7,7
122.5,ROU,2020,7,7
95.5,RUS,2020,7,7
0.4,RWA,2020,7,7
81.1,SAU,2020,7,7
16.6,SDN,2020,7,7
11.9,SEN,2020,7,7
4.6,SGP,2020,7,7
8.2,SLE,2020,7,7
68.7,SLV,2020,7,7
1234.9,SMR,2020,7,7
5.7,SOM,2020,7,7
82.9,SRB,2020,7,7
4.0,SSD,2020,7,7
67.2,STP,2020,7,7
43.9,SUR,2020,7,7
5.3,SVK,2020,7,7
57.2,SVN,2020,7,7
565.2,SWE,2020,7,7
35.0,SWZ,2020,7,7
,SYC,2020,7,7
2.4,SYR,2020,7,7
4.4,TCD,2020,7,7
2.2,TGO,2020,7,7
0.8,THA,2020,7,7
6.2,TJK,2020,7,7
,TLS,2020,7,7
5.7,TTO,2020,7,7
4.2,TUN,2020,7,7
66.9,TUR,2020,7,7
0.3,TWN,2020,7,7
0.3,TZA,2020,7,7
0.1,UGA,2020,7,7
39.5,UKR,2020,7,7
10.0,URY,2020,7,7
462.1,USA,2020,7,7
4.2,UZB,2020,7,7
,VAT,2020,7,7
,VCT,2020,7,7
5.7,VEN,2020,7,7
0.0,VNM,2020,7,7
16.2,YEM,2020,7,7
133.3,ZAF,2020,7,7
8.0,ZMB,2020,7,7
4.4,ZWE,2020,7,7
35.3,AFG,2020,8,7
3.2,AGO,2020,8,7
98.9,ALB,2020,8,7
685.2,AND,2020,8,7
38.4,ARE,2020,8,7
189.9,ARG,2020,8,7
296.1,ARM,2020,8,7
30.4,ATG,2020,8,7
25.5,AUS,2020,8,7
81.1,AUT,2020,8,7
52.2,AZE,2020,8,7
0.1,BDI,2020,8,7
850.6,BEL,2020,8,7
3.2,BEN,2020,8,7
2.6,BFA,2020,8,7
25.7,BGD,2020,8,7
91.2,BGR,2020,8,7
108.7,BHR,2020,8,7
126.0,BHS,2020,8,7
186.6,BIH,2020,8,7
72.1,BLR,2020,8,7
32.1,BLZ,2020,8,7
424.8,BOL,2020,8,7
567.2,BRA,2020,8,7
24.3,BRB,2020,8,7
6.8,BRN,2020,8,7
,BTN,2020,8,7
2.5,BWA,2020,8,7
12.6,CAF,2020,8,7
241.5,CAN,2020,8,7
212.0,CHE,2020,8,7
587.6,CHL,2020,8,7
3.2,CHN,2020,8,7
4.3,CIV,2020,8,7
15.1,CMR,2020,8,7
2.8,COD,2020,8,7
13.8,COG,2020,8,7
383.5,COL,2020,8,7
7.9,COM,2020,8,7
71.2,CPV,2020,8,7
84.8,CRI,2020,8,7
8.3,CUB,2020,8,7
23.4,CYP,2020,8,7
39.5,CZE,2020,8,7
110.9,DEU,2020,8,7
59.9,DJI,2020,8,7
,DMA,2020,8,7
107.3,DNK,2020,8,7
156.1,DOM,2020,8,7
33.8,DZA,2020,8,7
366.5,ECU,2020,8,7
52.0,EGY,2020,8,7
,ERI,2020,8,7
622.4,ESP,2020,8,7
48.3,EST,2020,8,7
6.9,ETH,2020,8,7
60.6,FIN,2020,8,7
2.2,FJI,2020,8,7
453.6,FRA,2020,8,7
23.3,GAB,2020,8,7
609.7,GBR,2020,8,7
4.8,GEO,2020,8,7
8.7,GHA,2020,8,7
4.4,GIN,2020,8,7
38.6,GMB,2020,8,7
16.9,GNB,2020,8,7
57.2,GNQ,2020,8,7
25.6,GRC,2020,8,7
,GRD,2020,8,7
151.2,GTM,2020,8,7
49.3,GUY,2020,8,7
11.8,HKG,2020,8,7
186.1,HND,2020,8,7
45.6,HRV,2020,8,7
17.4,HTI,2020,8,7
63.8,HUN,2020,8,7
26.8,IDN,2020,8,7
46.9,IND,2020,8,7
356.6,IRL,2020,8,7
253.7,IRN,2020,8,7
171.0,IRQ,2020,8,7
29.1,ISL,2020,8,7
108.4,ISR,2020,8,7
587.8,ITA,2020,8,7
7.1,JAM,2020,8,7
1.5,JOR,2020,8,7
10.3,JPN,2020,8,7
98.9,KAZ,2020,8,7
10.5,KEN,2020,8,7
159.6,KGZ,2020,8,7
,KHM,2020,8,7
,KNA,2020,8,7
6.3,KOR,2020,8,7
122.7,KWT,2020,8,7
,LAO,2020,8,7
24.7,LBN,2020,8,7
15.8,LBR,2020,8,7
34.1,LBY,2020,8,7
,LCA,2020,8,7
26.1,LIE,2020,8,7
0.6,LKA,2020,8,7
14.4,LSO,2020,8,7
25.7,LTU,2020,8,7
195.3,LUX,2020,8,7
18.2,LVA,2020,8,7
30.6,MAR,2020,8,7
101.2,MCO,2020,8,7
247.3,MDA,2020,8,7
6.8,MDG,2020,8,7
51.5,MDV,2020,8,7
494.5,MEX,2020,8,7
289.5,MKD,2020,8,7
6.0,MLI,2020,8,7
23.3,MLT,2020,8,7
0.1,MMR,2020,8,7
159.2,MNE,2020,8,7
,MNG,2020,8,7
0.7,MOZ,2020,8,7
33.3,MRT,2020,8,7
7.9,MUS,2020,8,7
8.9,MWI,2020,8,7
3.9,MYS,2020,8,7
29.0,NAM,2020,8,7
2.7,NER,2020,8,7
4.8,NGA,2020,8,7
20.4,NIC,2020,8,7
364.1,NLD,2020,8,7
48.3,NOR,2020,8,7
7.7,NPL,2020,8,7
4.5,NZL,2020,8,7
131.1,OMN,2020,8,7
21.7,OWID_AFR,2020,8,7
30.5,OWID_ASI,2020,8,7
313.2,OWID_EUN,2020,8,7
277.9,OWID_EUR,2020,8,7
,OWID_INT,2020,8,7
295.7,OWID_KOS,2020,8,7
447.6,OWID_NAM,2020,8,7
15.9,OWID_OCE,2020,8,7
568.9,OWID_SAM,2020,8,7
113.7,OWID_WRL,2020,8,7
27.9,PAK,2020,8,7
456.9,PAN,2020,8,7
2206.6,PER,2020,8,7
32.0,PHL,2020,8,7
0.5,PNG,2020,8,7
53.9,POL,2020,8,7
179.2,PRT,2020,8,7
45.2,PRY,2020,8,7
29.1,PSE,2020,8,7
67.2,QAT,2020,8,7
189.3,ROU,2020,8,7
117.4,RUS,2020,8,7
1.2,RWA,2020,8,7
110.3,SAU,2020,8,7
18.3,SDN,2020,8,7
16.5,SEN,2020,8,7
4.6,SGP,2020,8,7
8.6,SLE,2020,8,7
110.0,SLV,2020,8,7
1234.9,SMR,2020,8,7
6.0,SOM,2020,8,7
103.2,SRB,2020,8,7
4.1,SSD,2020,8,7
67.2,STP,2020,8,7
120.0,SUR,2020,8,7
6.0,SVK,2020,8,7
64.0,SVN,2020,8,7
572.9,SWE,2020,8,7
77.6,SWZ,2020,8,7
,SYC,2020,8,7
6.1,SYR,2020,8,7
4.6,TCD,2020,8,7
3.3,TGO,2020,8,7
0.8,THA,2020,8,7
7.0,TJK,2020,8,7
,TLS,2020,8,7
15.7,TTO,2020,8,7
6.5,TUN,2020,8,7
74.9,TUR,2020,8,7
0.3,TWN,2020,8,7
0.3,TZA,2020,8,7
0.7,UGA,2020,8,7
59.9,UKR,2020,8,7
12.6,URY,2020,8,7
550.8,USA,2020,8,7
9.4,UZB,2020,8,7
,VAT,2020,8,7
,VCT,2020,8,7
13.4,VEN,2020,8,7
0.3,VNM,2020,8,7
18.6,YEM,2020,8,7
235.7,ZAF,2020,8,7
15.2,ZMB,2020,8,7
13.4,ZWE,2020,8,7
36.7,AFG,2020,9,7
5.4,AGO,2020,9,7
134.7,ALB,2020,9,7
685.2,AND,2020,9,7
41.9,ARE,2020,9,7
371.4,ARG,2020,9,7
323.1,ARM,2020,9,7
30.4,ATG,2020,9,7
34.4,AUS,2020,9,7
88.4,AUT,2020,9,7
57.8,AZE,2020,9,7
0.1,BDI,2020,9,7
861.0,BEL,2020,9,7
3.3,BEN,2020,9,7
2.7,BFA,2020,9,7
31.6,BGD,2020,9,7
119.6,BGR,2020,9,7
143.6,BHR,2020,9,7
241.9,BHS,2020,9,7
262.3,BIH,2020,9,7
88.2,BLR,2020,9,7
66.7,BLZ,2020,9,7
673.1,BOL,2020,9,7
672.7,BRA,2020,9,7
24.3,BRB,2020,9,7
6.8,BRN,2020,9,7
,BTN,2020,9,7
6.7,BWA,2020,9,7
12.6,CAF,2020,9,7
246.7,CAN,2020,9,7
218.9,CHE,2020,9,7
663.2,CHL,2020,9,7
3.2,CHN,2020,9,7
4.4,CIV,2020,9,7
15.4,CMR,2020,9,7
2.9,COD,2020,9,7
15.7,COG,2020,9,7
507.1,COL,2020,9,7
7.9,COM,2020,9,7
106.8,CPV,2020,9,7
175.9,CRI,2020,9,7
10.8,CUB,2020,9,7
24.6,CYP,2020,9,7
61.1,CZE,2020,9,7
113.2,DEU,2020,9,7
60.9,DJI,2020,9,7
,DMA,2020,9,7
111.8,DNK,2020,9,7
192.2,DOM,2020,9,7
38.9,DZA,2020,9,7
634.8,ECU,2020,9,7
56.9,EGY,2020,9,7
,ERI,2020,9,7
680.1,ESP,2020,9,7
48.3,EST,2020,9,7
10.2,ETH,2020,9,7
62.0,FIN,2020,9,7
2.2,FJI,2020,9,7
473.3,FRA,2020,9,7
23.7,GAB,2020,9,7
619.2,GBR,2020,9,7
9.8,GEO,2020,9,7
9.5,GHA,2020,9,7
4.9,GIN,2020,9,7
45.0,GMB,2020,9,7
19.4,GNB,2020,9,7
57.2,GNQ,2020,9,7
37.7,GRC,2020,9,7
,GRD,2020,9,7
177.9,GTM,2020,9,7
101.2,GUY,2020,9,7
13.9,HKG,2020,9,7
233.8,HND,2020,9,7
68.6,HRV,2020,9,7
19.7,HTI,2020,9,7
79.4,HUN,2020,9,7
38.9,IDN,2020,9,7
70.8,IND,2020,9,7
362.0,IRL,2020,9,7
307.8,IRN,2020,9,7
223.0,IRQ,2020,9,7
29.1,ISL,2020,9,7
182.5,ISR,2020,9,7
594.6,ITA,2020,9,7
36.0,JAM,2020,9,7
5.9,JOR,2020,9,7
12.5,JPN,2020,9,7
109.2,KAZ,2020,9,7
12.9,KEN,2020,9,7
160.5,KGZ,2020,9,7
,KHM,2020,9,7
,KNA,2020,9,7
8.1,KOR,2020,9,7
140.9,KWT,2020,9,7
,LAO,2020,9,7
54.2,LBN,2020,9,7
15.8,LBR,2020,9,7
79.2,LBY,2020,9,7
,LCA,2020,9,7
26.1,LIE,2020,9,7
0.6,LKA,2020,9,7
16.7,LSO,2020,9,7
28.6,LTU,2020,9,7
195.3,LUX,2020,9,7
19.8,LVA,2020,9,7
58.8,MAR,2020,9,7
50.6,MCO,2020,9,7
328.0,MDA,2020,9,7
8.1,MDG,2020,9,7
62.5,MDV,2020,9,7
596.1,MEX,2020,9,7
354.8,MKD,2020,9,7
6.3,MLI,2020,9,7
68.0,MLT,2020,9,7
5.7,MMR,2020,9,7
269.1,MNE,2020,9,7
,MNG,2020,9,7
1.9,MOZ,2020,9,7
33.7,MRT,2020,9,7
7.9,MUS,2020,9,7
9.1,MWI,2020,9,7
4.1,MYS,2020,9,7
46.8,NAM,2020,9,7
2.7,NER,2020,9,7
5.3,NGA,2020,9,7
22.5,NIC,2020,9,7
376.0,NLD,2020,9,7
50.1,NOR,2020,9,7
16.8,NPL,2020,9,7
5.1,NZL,2020,9,7
179.0,OMN,2020,9,7
26.1,OWID_AFR,2020,9,7
41.7,OWID_ASI,2020,9,7
330.7,OWID_EUN,2020,9,7
297.7,OWID_EUR,2020,9,7
,OWID_INT,2020,9,7
352.0,OWID_KOS,2020,9,7
513.9,OWID_NAM,2020,9,7
21.3,OWID_OCE,2020,9,7
697.3,OWID_SAM,2020,9,7
135.1,OWID_WRL,2020,9,7
28.8,PAK,2020,9,7
541.4,PAN,2020,9,7
2462.1,PER,2020,9,7
49.6,PHL,2020,9,7
0.8,PNG,2020,9,7
66.5,POL,2020,9,7
193.8,PRT,2020,9,7
118.7,PRY,2020,9,7
59.5,PSE,2020,9,7
73.0,QAT,2020,9,7
252.3,ROU,2020,9,7
141.4,RUS,2020,9,7
2.2,RWA,2020,9,7
134.9,SAU,2020,9,7
18.6,SDN,2020,9,7
18.1,SEN,2020,9,7
4.6,SGP,2020,9,7
8.8,SLE,2020,9,7
129.3,SLV,2020,9,7
1234.9,SMR,2020,9,7
6.1,SOM,2020,9,7
108.4,SRB,2020,9,7
4.3,SSD,2020,9,7
67.2,STP,2020,9,7
175.7,SUR,2020,9,7
8.8,SVK,2020,9,7
72.2,SVN,2020,9,7
580.0,SWE,2020,9,7
93.0,SWZ,2020,9,7
,SYC,2020,9,7
10.9,SYR,2020,9,7
5.0,TCD,2020,9,7
5.7,TGO,2020,9,7
0.8,THA,2020,9,7
7.7,TJK,2020,9,7
,TLS,2020,9,7
54.2,TTO,2020,9,7
22.2,TUN,2020,9,7
96.4,TUR,2020,9,7
0.3,TWN,2020,9,7
0.3,TZA,2020,9,7
1.6,UGA,2020,9,7
97.1,UKR,2020,9,7
13.8,URY,2020,9,7
621.4,USA,2020,9,7
13.8,UZB,2020,9,7
,VAT,2020,9,7
,VCT,2020,9,7
21.9,VEN,2020,9,7
0.4,VNM,2020,9,7
19.3,YEM,2020,9,7
278.7,ZAF,2020,9,7
17.5,ZMB,2020,9,7
15.1,ZWE,2020,9,7
38.5,AFG,2020,10,7
8.4,AGO,2020,10,7
177.2,ALB,2020,10,7
969.6,AND,2020,10,7
49.5,ARE,2020,10,7
679.8,ARG,2020,10,7
451.8,ARM,2020,10,7
30.4,ATG,2020,10,7
35.2,AUS,2020,10,7
122.6,AUT,2020,10,7
71.4,AZE,2020,10,7
0.1,BDI,2020,10,7
999.4,BEL,2020,10,7
3.3,BEN,2020,10,7
3.1,BFA,2020,10,7
35.6,BGD,2020,10,7
185.5,BGR,2020,10,7
183.6,BHR,2020,10,7
362.8,BHS,2020,10,7
378.1,BIH,2020,10,7
103.8,BLR,2020,10,7
145.7,BLZ,2020,10,7
737.3,BOL,2020,10,7
747.1,BRA,2020,10,7
24.3,BRB,2020,10,7
6.8,BRN,2020,10,7
,BTN,2020,10,7
10.0,BWA,2020,10,7
12.6,CAF,2020,10,7
269.9,CAN,2020,10,7
272.8,CHE,2020,10,7
739.5,CHL,2020,10,7
3.2,CHN,2020,10,7
4.7,CIV,2020,10,7
15.6,CMR,2020,10,7
3.3,COD,2020,10,7
16.3,COG,2020,10,7
610.8,COL,2020,10,7
7.9,COM,2020,10,7
169.1,CPV,2020,10,7
269.5,CRI,2020,10,7
11.3,CUB,2020,10,7
27.9,CYP,2020,10,7
303.1,CZE,2020,10,7
124.9,DEU,2020,10,7
60.9,DJI,2020,10,7
,DMA,2020,10,7
124.0,DNK,2020,10,7
205.0,DOM,2020,10,7
44.0,DZA,2020,10,7
708.3,ECU,2020,10,7
60.1,EGY,2020,10,7
,ERI,2020,10,7
767.5,ESP,2020,10,7
55.1,EST,2020,10,7
12.5,ETH,2020,10,7
64.5,FIN,2020,10,7
2.2,FJI,2020,10,7
545.1,FRA,2020,10,7
24.1,GAB,2020,10,7
683.9,GBR,2020,10,7
77.1,GEO,2020,10,7
10.1,GHA,2020,10,7
5.3,GIN,2020,10,7
47.8,GMB,2020,10,7
20.3,GNB,2020,10,7
57.2,GNQ,2020,10,7
60.4,GRC,2020,10,7
,GRD,2020,10,7
204.3,GTM,2020,10,7
156.9,GUY,2020,10,7
13.9,HKG,2020,10,7
265.2,HND,2020,10,7
133.8,HRV,2020,10,7
20.1,HTI,2020,10,7
181.6,HUN,2020,10,7
50.2,IDN,2020,10,7
87.6,IND,2020,10,7
383.9,IRL,2020,10,7
410.0,IRN,2020,10,7
264.9,IRQ,2020,10,7
34.9,ISL,2020,10,7
291.4,ISR,2020,10,7
639.7,ITA,2020,10,7
69.3,JAM,2020,10,7
80.7,JOR,2020,10,7
14.0,JPN,2020,10,7
116.8,KAZ,2020,10,7
17.8,KEN,2020,10,7
172.6,KGZ,2020,10,7
,KHM,2020,10,7
,KNA,2020,10,7
9.1,KOR,2020,10,7
180.0,KWT,2020,10,7
,LAO,2020,10,7
94.1,LBN,2020,10,7
15.8,LBR,2020,10,7
123.2,LBY,2020,10,7
,LCA,2020,10,7
78.4,LIE,2020,10,7
0.9,LKA,2020,10,7
20.4,LSO,2020,10,7
56.5,LTU,2020,10,7
239.4,LUX,2020,10,7
38.0,LVA,2020,10,7
98.9,MAR,2020,10,7
50.6,MCO,2020,10,7
443.6,MDA,2020,10,7
8.6,MDG,2020,10,7
69.9,MDV,2020,10,7
704.4,MEX,2020,10,7
,MHL,2020,10,7
477.3,MKD,2020,10,7
6.5,MLI,2020,10,7
120.5,MLT,2020,10,7
22.6,MMR,2020,10,7
479.3,MNE,2020,10,7
,MNG,2020,10,7
2.9,MOZ,2020,10,7
34.1,MRT,2020,10,7
7.9,MUS,2020,10,7
9.4,MWI,2020,10,7
8.0,MYS,2020,10,7
51.4,NAM,2020,10,7
2.7,NER,2020,10,7
5.4,NGA,2020,10,7
23.3,NIC,2020,10,7
434.3,NLD,2020,10,7
51.6,NOR,2020,10,7
31.6,NPL,2020,10,7
5.1,NZL,2020,10,7
231.3,OMN,2020,10,7
31.2,OWID_AFR,2020,10,7
52.0,OWID_ASI,2020,10,7
390.4,OWID_EUN,2020,10,7
355.8,OWID_EUR,2020,10,7
,OWID_INT,2020,10,7
381.9,OWID_KOS,2020,10,7
583.8,OWID_NAM,2020,10,7
21.8,OWID_OCE,2020,10,7
798.6,OWID_SAM,2020,10,7
158.6,OWID_WRL,2020,10,7
30.3,PAK,2020,10,7
616.2,PAN,2020,10,7
2592.8,PER,2020,10,7
65.0,PHL,2020,10,7
0.8,PNG,2020,10,7
149.0,POL,2020,10,7
246.6,PRT,2020,10,7
194.5,PRY,2020,10,7
92.5,PSE,2020,10,7
79.2,QAT,2020,10,7
364.3,ROU,2020,10,7
190.4,RUS,2020,10,7
2.6,RWA,2020,10,7
152.9,SAU,2020,10,7
18.6,SDN,2020,10,7
18.8,SEN,2020,10,7
4.7,SGP,2020,10,7
,SLB,2020,10,7
9.1,SLE,2020,10,7
149.6,SLV,2020,10,7
1234.9,SMR,2020,10,7
6.4,SOM,2020,10,7
118.7,SRB,2020,10,7
5.1,SSD,2020,10,7
71.6,STP,2020,10,7
187.6,SUR,2020,10,7
40.1,SVK,2020,10,7
162.6,SVN,2020,10,7
584.4,SWE,2020,10,7
99.8,SWZ,2020,10,7
,SYC,2020,10,7
15.8,SYR,2020,10,7
5.8,TCD,2020,10,7
6.7,TGO,2020,10,7
0.8,THA,2020,10,7
8.4,TJK,2020,10,7
,TLS,2020,10,7
77.0,TTO,2020,10,7
110.3,TUN,2020,10,7
120.6,TUR,2020,10,7
0.3,TWN,2020,10,7
0.3,TZA,2020,10,7
2.4,UGA,2020,10,7
170.2,UKR,2020,10,7
16.6,URY,2020,10,7
695.4,USA,2020,10,7
16.7,UZB,2020,10,7
,VAT,2020,10,7
,VCT,2020,10,7
27.8,VEN,2020,10,7
0.4,VNM,2020,10,7
19.6,YEM,2020,10,7
321.0,ZAF,2020,10,7
18.4,ZMB,2020,10,7
16.1,ZWE,2020,10,7
44.3,AFG,2020,11,7
10.3,AGO,2020,11,7
281.9,ALB,2020,11,7
982.5,AND,2020,11,7
57.3,ARE,2020,11,7
849.2,ARG,2020,11,7
729.1,ARM,2020,11,7
40.5,ATG,2020,11,7
35.2,AUS,2020,11,7
352.1,AUT,2020,11,7
136.2,AZE,2020,11,7
0.1,BDI,2020,11,7
1430.9,BEL,2020,11,7
3.5,BEN,2020,11,7
3.2,BFA,2020,11,7
40.0,BGD,2020,11,7
585.1,BGR,2020,11,7
195.0,BHR,2020,11,7
410.7,BHS,2020,11,7
821.5,BIH,2020,11,7
122.6,BLR,2020,11,7
365.5,BLZ,2020,11,7
757.0,BOL,2020,11,7
809.0,BRA,2020,11,7
24.3,BRB,2020,11,7
6.8,BRN,2020,11,7
,BTN,2020,11,7
14.2,BWA,2020,11,7
12.8,CAF,2020,11,7
321.5,CAN,2020,11,7
579.8,CHE,2020,11,7
802.1,CHL,2020,11,7
3.2,CHN,2020,11,7
4.9,CIV,2020,11,7
16.1,CMR,2020,11,7
3.6,COD,2020,11,7
16.6,COG,2020,11,7
717.2,COL,2020,11,7
7.9,COM,2020,11,7
186.9,CPV,2020,11,7
335.9,CRI,2020,11,7
11.9,CUB,2020,11,7
53.6,CYP,2020,11,7
773.5,CZE,2020,11,7
199.0,DEU,2020,11,7
60.9,DJI,2020,11,7
,DMA,2020,11,7
144.0,DNK,2020,11,7
212.8,DOM,2020,11,7
54.5,DZA,2020,11,7
752.5,ECU,2020,11,7
63.8,EGY,2020,11,7
,ERI,2020,11,7
964.1,ESP,2020,11,7
89.0,EST,2020,11,7
14.5,ETH,2020,11,7
71.9,FIN,2020,11,7
2.2,FJI,2020,11,7
781.7,FRA,2020,11,7
26.3,GAB,2020,11,7
858.3,GBR,2020,11,7
318.4,GEO,2020,11,7
10.2,GHA,2020,11,7
5.6,GIN,2020,11,7
49.5,GMB,2020,11,7
21.8,GNB,2020,11,7
58.6,GNQ,2020,11,7
232.0,GRC,2020,11,7
,GRD,2020,11,7
228.6,GTM,2020,11,7
191.1,GUY,2020,11,7
14.4,HKG,2020,11,7
290.0,HND,2020,11,7
437.6,HRV,2020,11,7
20.1,HTI,2020,11,7
500.6,HUN,2020,11,7
61.3,IDN,2020,11,7
98.8,IND,2020,11,7
412.0,IRL,2020,11,7
567.4,IRN,2020,11,7
297.7,IRQ,2020,11,7
75.7,ISL,2020,11,7
326.7,ISR,2020,11,7
920.6,ITA,2020,11,7
86.4,JAM,2020,11,7
267.9,JOR,2020,11,7
16.5,JPN,2020,11,7
130.4,KAZ,2020,11,7
26.7,KEN,2020,11,7
192.4,KGZ,2020,11,7
,KHM,2020,11,7
,KNA,2020,11,7
10.3,KOR,2020,11,7
203.3,KWT,2020,11,7
,LAO,2020,11,7
150.4,LBN,2020,11,7
16.0,LBR,2020,11,7
170.0,LBY,2020,11,7
10.8,LCA,2020,11,7
444.4,LIE,2020,11,7
5.5,LKA,2020,11,7
20.4,LSO,2020,11,7
230.5,LTU,2020,11,7
505.7,LUX,2020,11,7
110.3,LVA,2020,11,7
156.5,MAR,2020,11,7
75.9,MCO,2020,11,7
572.6,MDA,2020,11,7
8.8,MDG,2020,11,7
84.6,MDV,2020,11,7
813.3,MEX,2020,11,7
,MHL,2020,11,7
846.5,MKD,2020,11,7
7.5,MLI,2020,11,7
266.2,MLT,2020,11,7
35.4,MMR,2020,11,7
794.5,MNE,2020,11,7
,MNG,2020,11,7
4.1,MOZ,2020,11,7
37.1,MRT,2020,11,7
7.9,MUS,2020,11,7
9.4,MWI,2020,11,7
11.0,MYS,2020,11,7
58.4,NAM,2020,11,7
2.9,NER,2020,11,7
5.5,NGA,2020,11,7
23.9,NIC,2020,11,7
550.5,NLD,2020,11,7
60.7,NOR,2020,11,7
50.8,NPL,2020,11,7
5.1,NZL,2020,11,7
272.4,OMN,2020,11,7
37.9,OWID_AFR,2020,11,7
62.5,OWID_ASI,2020,11,7
598.1,OWID_EUN,2020,11,7
528.2,OWID_EUR,2020,11,7
,OWID_INT,2020,11,7
572.3,OWID_KOS,2020,11,7
679.8,OWID_NAM,2020,11,7
21.8,OWID_OCE,2020,11,7
872.5,OWID_SAM,2020,11,7
193.7,OWID_WRL,2020,11,7
35.9,PAK,2020,11,7
702.7,PAN,2020,11,7
2681.4,PER,2020,11,7
75.6,PHL,2020,11,7
0.8,PNG,2020,11,7
453.7,POL,2020,11,7
443.1,PRT,2020,11,7
243.2,PRY,2020,11,7
140.2,PSE,2020,11,7
80.9,QAT,2020,11,7
592.4,ROU,2020,11,7
270.6,RUS,2020,11,7
3.7,RWA,2020,11,7
166.8,SAU,2020,11,7
27.8,SDN,2020,11,7
19.4,SEN,2020,11,7
4.9,SGP,2020,11,7
,SLB,2020,11,7
9.1,SLE,2020,11,7
170.9,SLV,2020,11,7
1323.1,SMR,2020,11,7
6.9,SOM,2020,11,7
232.2,SRB,2020,11,7
5.4,SSD,2020,11,7
76.1,STP,2020,11,7
197.7,SUR,2020,11,7
153.6,SVK,2020,11,7
690.3,SVN,2020,11,7
657.6,SWE,2020,11,7
104.1,SWZ,2020,11,7
,SYC,2020,11,7
22.8,SYR,2020,11,7
6.0,TCD,2020,11,7
7.5,TGO,2020,11,7
0.9,THA,2020,11,7
8.8,TJK,2020,11,7
,TLS,2020,11,7
85.5,TTO,2020,11,7
273.1,TUN,2020,11,7
161.6,TUR,2020,11,7
0.3,TWN,2020,11,7
0.3,TZA,2020,11,7
4.4,UGA,2020,11,7
292.9,UKR,2020,11,7
22.1,URY,2020,11,7
813.5,USA,2020,11,7
18.0,UZB,2020,11,7
,VAT,2020,11,7
,VCT,2020,11,7
31.2,VEN,2020,11,7
0.4,VNM,2020,11,7
,VUT,2020,11,7
,WSM,2020,11,7
19.8,YEM,2020,11,7
358.7,ZAF,2020,11,7
18.9,ZMB,2020,11,7
18.3,ZWE,2020,11,7
55.0,AFG,2020,12,7
11.9,AGO,2020,12,7
411.1,ALB,2020,12,7
1085.9,AND,2020,12,7
67.0,ARE,2020,12,7
948.2,ARG,2020,12,7
951.1,ARM,2020,12,7
50.6,ATG,2020,12,7
35.2,AUS,2020,12,7
688.0,AUT,2020,12,7
258.3,AZE,2020,12,7
0.2,BDI,2020,12,7
1678.8,BEL,2020,12,7
3.5,BEN,2020,12,7
4.0,BFA,2020,12,7
45.5,BGD,2020,12,7
1098.5,BGR,2020,12,7
201.3,BHR,2020,12,7
428.3,BHS,2020,12,7
1241.0,BIH,2020,12,7
150.8,BLR,2020,12,7
612.5,BLZ,2020,12,7
774.5,BOL,2020,12,7
911.0,BRA,2020,12,7
24.3,BRB,2020,12,7
6.8,BRN,2020,12,7
,BTN,2020,12,7
17.5,BWA,2020,12,7
12.8,CAF,2020,12,7
414.0,CAN,2020,12,7
903.3,CHE,2020,12,7
864.4,CHL,2020,12,7
3.2,CHN,2020,12,7
5.1,CIV,2020,12,7
16.5,CMR,2020,12,7
6.4,COD,2020,12,7
19.1,COG,2020,12,7
842.9,COL,2020,12,7
11.3,COM,2020,12,7
201.1,CPV,2020,12,7
425.2,CRI,2020,12,7
12.9,CUB,2020,12,7
,CYM,2020,12,7
133.9,CYP,2020,12,7
1079.8,CZE,2020,12,7
402.8,DEU,2020,12,7
60.9,DJI,2020,12,7
,DMA,2020,12,7
223.3,DNK,2020,12,7
220.4,DOM,2020,12,7
61.8,DZA,2020,12,7
784.5,ECU,2020,12,7
73.2,EGY,2020,12,7
0.8,ERI,2020,12,7
1087.5,ESP,2020,12,7
172.8,EST,2020,12,7
16.3,ETH,2020,12,7
101.1,FIN,2020,12,7
2.2,FJI,2020,12,7
958.5,FRA,2020,12,7
28.1,GAB,2020,12,7
1079.4,GBR,2020,12,7
629.4,GEO,2020,12,7
10.6,GHA,2020,12,7
6.0,GIN,2020,12,7
49.9,GMB,2020,12,7
22.3,GNB,2020,12,7
59.3,GNQ,2020,12,7
466.5,GRC,2020,12,7
,GRD,2020,12,7
263.7,GTM,2020,12,7
207.5,GUY,2020,12,7
19.6,HKG,2020,12,7
311.0,HND,2020,12,7
960.4,HRV,2020,12,7
20.4,HTI,2020,12,7
989.9,HUN,2020,12,7
80.1,IDN,2020,12,7
106.9,IND,2020,12,7
448.9,IRL,2020,12,7
649.5,IRN,2020,12,7
311.2,IRQ,2020,12,7
84.5,ISL,2020,12,7
378.3,ISR,2020,12,7
1228.5,ITA,2020,12,7
101.6,JAM,2020,12,7
373.4,JOR,2020,12,7
26.1,JPN,2020,12,7
144.7,KAZ,2020,12,7
30.4,KEN,2020,12,7
204.4,KGZ,2020,12,7
,KHM,2020,12,7
,KNA,2020,12,7
17.9,KOR,2020,12,7
215.8,KWT,2020,12,7
,LAO,2020,12,7
216.9,LBN,2020,12,7
16.0,LBR,2020,12,7
212.4,LBY,2020,12,7
27.1,LCA,2020,12,7
1150.2,LIE,2020,12,7
9.5,LKA,2020,12,7
23.6,LSO,2020,12,7
667.7,LTU,2020,12,7
779.8,LUX,2020,12,7
340.1,LVA,2020,12,7
197.8,MAR,2020,12,7
75.9,MCO,2020,12,7
741.8,MDA,2020,12,7
9.2,MDG,2020,12,7
88.3,MDV,2020,12,7
965.8,MEX,2020,12,7
,MHL,2020,12,7
1201.8,MKD,2020,12,7
12.9,MLI,2020,12,7
425.6,MLT,2020,12,7
48.9,MMR,2020,12,7
1085.9,MNE,2020,12,7
0.3,MNG,2020,12,7
5.2,MOZ,2020,12,7
72.7,MRT,2020,12,7
7.9,MUS,2020,12,7
9.6,MWI,2020,12,7
14.4,MYS,2020,12,7
79.2,NAM,2020,12,7
4.1,NER,2020,12,7
6.1,NGA,2020,12,7
24.6,NIC,2020,12,7
671.1,NLD,2020,12,7
79.8,NOR,2020,12,7
62.5,NPL,2020,12,7
5.1,NZL,2020,12,7
287.0,OMN,2020,12,7
47.7,OWID_AFR,2020,12,7
72.2,OWID_ASI,2020,12,7
828.8,OWID_EUN,2020,12,7
728.6,OWID_EUR,2020,12,7
,OWID_INT,2020,12,7
750.3,OWID_KOS,2020,12,7
859.3,OWID_NAM,2020,12,7
21.9,OWID_OCE,2020,12,7
962.7,OWID_SAM,2020,12,7
238.8,OWID_WRL,2020,12,7
45.2,PAK,2020,12,7
917.9,PAN,2020,12,7
2789.9,PER,2020,12,7
83.2,PHL,2020,12,7
1.0,PNG,2020,12,7
755.5,POL,2020,12,7
679.2,PRT,2020,12,7
313.3,PRY,2020,12,7
268.1,PSE,2020,12,7
83.6,QAT,2020,12,7
824.3,ROU,2020,12,7
385.6,RUS,2020,12,7
6.9,RWA,2020,12,7
176.1,SAU,2020,12,7
32.7,SDN,2020,12,7
23.8,SEN,2020,12,7
4.9,SGP,2020,12,7
,SLB,2020,12,7
9.3,SLE,2020,12,7
203.6,SLV,2020,12,7
1734.8,SMR,2020,12,7
7.9,SOM,2020,12,7
464.8,SRB,2020,12,7
5.5,SSD,2020,12,7
76.1,STP,2020,12,7
206.2,SUR,2020,12,7
391.5,SVK,2020,12,7
1297.4,SVN,2020,12,7
858.9,SWE,2020,12,7
174.9,SWZ,2020,12,7
,SYC,2020,12,7
38.9,SYR,2020,12,7
6.1,TCD,2020,12,7
8.0,TGO,2020,12,7
0.9,THA,2020,12,7
9.2,TJK,2020,12,7
,TLS,2020,12,7
90.5,TTO,2020,12,7
391.8,TUN,2020,12,7
245.5,TUR,2020,12,7
0.3,TWN,2020,12,7
0.3,TZA,2020,12,7
5.3,UGA,2020,12,7
443.6,UKR,2020,12,7
51.9,URY,2020,12,7
1056.6,USA,2020,12,7
18.1,UZB,2020,12,7
,VAT,2020,12,7
,VCT,2020,12,7
35.8,VEN,2020,12,7
0.4,VNM,2020,12,7
,VUT,2020,12,7
,WSM,2020,12,7
20.0,YEM,2020,12,7
474.2,ZAF,2020,12,7
20.5,ZMB,2020,12,7
24.1,ZWE,2020,12,7
60.2,AFG,2021,1,7
13.7,AGO,2021,1,7
480.3,ALB,2021,1,7
1305.7,AND,2021,1,7
85.1,ARE,2021,1,7
1051.9,ARG,2021,1,7
1037.7,ARM,2021,1,7
70.9,ATG,2021,1,7
35.2,AUS,2021,1,7
853.8,AUT,2021,1,7
306.4,AZE,2021,1,7
0.2,BDI,2021,1,7
1813.2,BEL,2021,1,7
4.2,BEN,2021,1,7
5.6,BFA,2021,1,7
48.9,BGD,2021,1,7
1311.5,BGR,2021,1,7
214.5,BHR,2021,1,7
443.4,BHS,2021,1,7
1433.8,BIH,2021,1,7
181.9,BLR,2021,1,7
743.4,BLZ,2021,1,7
,BMU,2021,1,7
877.1,BOL,2021,1,7
1049.1,BRA,2021,1,7
48.7,BRB,2021,1,7
6.8,BRN,2021,1,7
1.3,BTN,2021,1,7
55.9,BWA,2021,1,7
12.8,CAF,2021,1,7
526.5,CAN,2021,1,7
1092.7,CHE,2021,1,7
960.4,CHL,2021,1,7
3.2,CHN,2021,1,7
5.7,CIV,2021,1,7
17.0,CMR,2021,1,7
7.3,COD,2021,1,7
20.7,COG,2021,1,7
1053.0,COL,2021,1,7
104.7,COM,2021,1,7
238.5,CPV,2021,1,7
506.7,CRI,2021,1,7
18.9,CUB,2021,1,7
,CYM,2021,1,7
221.0,CYP,2021,1,7
1520.6,CZE,2021,1,7
681.3,DEU,2021,1,7
62.9,DJI,2021,1,7
,DMA,2021,1,7
365.7,DNK,2021,1,7
243.4,DOM,2021,1,7
64.8,DZA,2021,1,7
830.6,ECU,2021,1,7
89.4,EGY,2021,1,7
1.9,ERI,2021,1,7
1247.6,ESP,2021,1,7
316.2,EST,2021,1,7
17.8,ETH,2021,1,7
120.9,FIN,2021,1,7
2.2,FJI,2021,1,7
1127.8,FRA,2021,1,7
,FRO,2021,1,7
,FSM,2021,1,7
29.8,GAB,2021,1,7
1559.5,GBR,2021,1,7
798.5,GEO,2021,1,7
,GGY,2021,1,7
13.1,GHA,2021,1,7
,GIB,2021,1,7
6.1,GIN,2021,1,7
51.5,GMB,2021,1,7
22.3,GNB,2021,1,7
59.3,GNQ,2021,1,7
558.9,GRC,2021,1,7
8.8,GRD,2021,1,7
,GRL,2021,1,7
309.2,GTM,2021,1,7
222.7,GUY,2021,1,7
24.0,HKG,2021,1,7
358.7,HND,2021,1,7
1231.6,HRV,2021,1,7
21.2,HTI,2021,1,7
1300.0,HUN,2021,1,7
108.5,IDN,2021,1,7
,IMN,2021,1,7
110.8,IND,2021,1,7
663.7,IRL,2021,1,7
681.6,IRN,2021,1,7
316.8,IRQ,2021,1,7
84.5,ISL,2021,1,7
545.6,ISR,2021,1,7
1466.3,ITA,2021,1,7
117.7,JAM,2021,1,7
420.3,JOR,2021,1,7
45.6,JPN,2021,1,7
164.6,KAZ,2021,1,7
32.1,KEN,2021,1,7
213.0,KGZ,2021,1,7
,KHM,2021,1,7
,KNA,2021,1,7
27.8,KOR,2021,1,7
221.6,KWT,2021,1,7
,LAO,2021,1,7
455.3,LBN,2021,1,7
16.2,LBR,2021,1,7
269.7,LBY,2021,1,7
70.5,LCA,2021,1,7
1385.5,LIE,2021,1,7
14.7,LKA,2021,1,7
79.7,LSO,2021,1,7
1043.9,LTU,2021,1,7
908.9,LUX,2021,1,7
640.1,LVA,2021,1,7
221.6,MAR,2021,1,7
328.9,MCO,2021,1,7
854.4,MDA,2021,1,7
9.9,MDG,2021,1,7
95.7,MDV,2021,1,7
1217.1,MEX,2021,1,7
,MHL,2021,1,7
1370.8,MKD,2021,1,7
15.8,MLI,2021,1,7
518.9,MLT,2021,1,7
57.1,MMR,2021,1,7
1281.7,MNE,2021,1,7
0.6,MNG,2021,1,7
11.4,MOZ,2021,1,7
88.4,MRT,2021,1,7
7.9,MUS,2021,1,7
35.7,MWI,2021,1,7
23.2,MYS,2021,1,7
136.0,NAM,2021,1,7
6.3,NER,2021,1,7
7.5,NGA,2021,1,7
25.2,NIC,2021,1,7
821.5,NLD,2021,1,7
103.2,NOR,2021,1,7
68.4,NPL,2021,1,7
5.1,NZL,2021,1,7
292.7,OMN,2021,1,7
66.2,OWID_AFR,2021,1,7
79.8,OWID_ASI,2021,1,7
,OWID_CYN,2021,1,7
1053.5,OWID_EUN,2021,1,7
940.1,OWID_EUR,2021,1,7
,OWID_INT,2021,1,7
843.8,OWID_KOS,2021,1,7
1089.6,OWID_NAM,2021,1,7
21.9,OWID_OCE,2021,1,7
1102.2,OWID_SAM,2021,1,7
291.8,OWID_WRL,2021,1,7
51.9,PAK,2021,1,7
1202.8,PAN,2021,1,7
3111.9,PER,2021,1,7
96.8,PHL,2021,1,7
1.0,PNG,2021,1,7
983.7,POL,2021,1,7
1227.6,PRT,2021,1,7
376.6,PRY,2021,1,7
351.0,PSE,2021,1,7
84.6,QAT,2021,1,7
958.6,ROU,2021,1,7
493.6,RUS,2021,1,7
14.8,RWA,2021,1,7
180.4,SAU,2021,1,7
40.2,SDN,2021,1,7
36.5,SEN,2021,1,7
4.9,SGP,2021,1,7
,SLB,2021,1,7
9.7,SLE,2021,1,7
249.0,SLV,2021,1,7
1970.0,SMR,2021,1,7
7.9,SOM,2021,1,7
581.9,SRB,2021,1,7
5.6,SSD,2021,1,7
76.1,STP,2021,1,7
260.2,SUR,2021,1,7
850.1,SVK,2021,1,7
1685.2,SVN,2021,1,7
1140.8,SWE,2021,1,7
481.9,SWZ,2021,1,7
30.3,SYC,2021,1,7
50.4,SYR,2021,1,7
,TCA,2021,1,7
7.0,TCD,2021,1,7
9.1,TGO,2021,1,7
1.1,THA,2021,1,7
9.3,TJK,2021,1,7
,TLS,2021,1,7
95.5,TTO,2021,1,7
565.9,TUN,2021,1,7
305.6,TUR,2021,1,7
0.3,TWN,2021,1,7
0.3,TZA,2021,1,7
6.9,UGA,2021,1,7
548.9,UKR,2021,1,7
125.1,URY,2021,1,7
1346.9,USA,2021,1,7
18.3,UZB,2021,1,7
,VAT,2021,1,7
18.0,VCT,2021,1,7
41.4,VEN,2021,1,7
0.4,VNM,2021,1,7
,VUT,2021,1,7
,WSM,2021,1,7
20.2,YEM,2021,1,7
735.6,ZAF,2021,1,7
40.3,ZMB,2021,1,7
80.6,ZWE,2021,1,7
61.3,AFG,2021,2,7
15.0,AGO,2021,2,7
,AIA,2021,2,7
625.1,ALB,2021,2,7
1422.0,AND,2021,2,7
122.2,ARE,2021,2,7
1139.4,ARG,2021,2,7
1075.4,ARM,2021,2,7
141.8,ATG,2021,2,7
35.2,AUS,2021,2,7
946.7,AUT,2021,2,7
315.0,AZE,2021,2,7
0.2,BDI,2021,2,7
1897.9,BEL,2021,2,7
5.6,BEN,2021,2,7
6.6,BFA,2021,2,7
50.6,BGD,2021,2,7
1477.7,BGR,2021,2,7
256.8,BHR,2021,2,7
451.0,BHS,2021,2,7
1553.9,BIH,2021,2,7
209.3,BLR,2021,2,7
777.9,BLZ,2021,2,7
,BMU,2021,2,7
984.5,BOL,2021,2,7
1191.4,BRA,2021,2,7
114.7,BRB,2021,2,7
6.8,BRN,2021,2,7
1.3,BTN,2021,2,7
129.3,BWA,2021,2,7
12.8,CAF,2021,2,7
577.8,CAN,2021,2,7
1149.2,CHE,2021,2,7
1070.8,CHL,2021,2,7
3.2,CHN,2021,2,7
7.1,CIV,2021,2,7
20.2,CMR,2021,2,7
7.7,COD,2021,2,7
22.6,COG,2021,2,7
1165.8,COL,2021,2,7
162.1,COM,2021,2,7
261.6,CPV,2021,2,7
544.8,CRI,2021,2,7
28.5,CUB,2021,2,7
,CYM,2021,2,7
258.9,CYP,2021,2,7
1896.5,CZE,2021,2,7
836.1,DEU,2021,2,7
62.9,DJI,2021,2,7
,DMA,2021,2,7
406.3,DNK,2021,2,7
283.0,DOM,2021,2,7
66.9,DZA,2021,2,7
883.9,ECU,2021,2,7
102.5,EGY,2021,2,7
1.9,ERI,2021,2,7
1479.1,ESP,2021,2,7
444.5,EST,2021,2,7
20.1,ETH,2021,2,7
133.7,FIN,2021,2,7
2.2,FJI,2021,2,7
,FLK,2021,2,7
1281.4,FRA,2021,2,7
,FRO,2021,2,7
,FSM,2021,2,7
36.4,GAB,2021,2,7
1804.5,GBR,2021,2,7
882.0,GEO,2021,2,7
,GGY,2021,2,7
19.1,GHA,2021,2,7
,GIB,2021,2,7
6.6,GIN,2021,2,7
60.3,GMB,2021,2,7
23.8,GNB,2021,2,7
62.8,GNQ,2021,2,7
627.1,GRC,2021,2,7
8.8,GRD,2021,2,7
,GRL,2021,2,7
350.3,GTM,2021,2,7
246.7,GUY,2021,2,7
26.3,HKG,2021,2,7
412.5,HND,2021,2,7
1353.9,HRV,2021,2,7
21.7,HTI,2021,2,7
1554.3,HUN,2021,2,7
130.9,IDN,2021,2,7
,IMN,2021,2,7
112.8,IND,2021,2,7
866.8,IRL,2021,2,7
706.5,IRN,2021,2,7
325.6,IRQ,2021,2,7
84.5,ISL,2021,2,7
654.4,ISR,2021,2,7
1618.4,ITA,2021,2,7
141.9,JAM,2021,2,7
457.8,JOR,2021,2,7
62.6,JPN,2021,2,7
178.4,KAZ,2021,2,7
33.8,KEN,2021,2,7
221.2,KGZ,2021,2,7
,KHM,2021,2,7
,KNA,2021,2,7
31.3,KOR,2021,2,7
250.2,KWT,2021,2,7
,LAO,2021,2,7
693.1,LBN,2021,2,7
16.4,LBR,2021,2,7
313.1,LBY,2021,2,7
189.8,LCA,2021,2,7
1437.8,LIE,2021,2,7
21.6,LKA,2021,2,7
135.2,LSO,2021,2,7
1206.0,LTU,2021,2,7
1003.4,LUX,2021,2,7
866.7,LVA,2021,2,7
,MAC,2021,2,7
230.9,MAR,2021,2,7
607.3,MCO,2021,2,7
981.4,MDA,2021,2,7
10.4,MDG,2021,2,7
114.0,MDV,2021,2,7
1425.7,MEX,2021,2,7
,MHL,2021,2,7
1506.2,MKD,2021,2,7
16.9,MLI,2021,2,7
612.2,MLT,2021,2,7
58.4,MMR,2021,2,7
1597.0,MNE,2021,2,7
0.6,MNG,2021,2,7
19.9,MOZ,2021,2,7
92.4,MRT,2021,2,7
,MSR,2021,2,7
7.9,MUS,2021,2,7
53.1,MWI,2021,2,7
34.6,MYS,2021,2,7
163.9,NAM,2021,2,7
,NCL,2021,2,7
6.8,NER,2021,2,7
9.0,NGA,2021,2,7
25.8,NIC,2021,2,7
913.5,NLD,2021,2,7
113.8,NOR,2021,2,7
93.5,NPL,2021,2,7
5.3,NZL,2021,2,7
300.6,OMN,2021,2,7
75.5,OWID_AFR,2021,2,7
85.3,OWID_ASI,2021,2,7
,OWID_CYN,2021,2,7
1220.5,OWID_EUN,2021,2,7
1088.0,OWID_EUR,2021,2,7
,OWID_INT,2021,2,7
896.7,OWID_KOS,2021,2,7
1253.7,OWID_NAM,2021,2,7
22.0,OWID_OCE,2021,2,7
1249.7,OWID_SAM,2021,2,7
331.3,OWID_WRL,2021,2,7
57.3,PAK,2021,2,7
1334.0,PAN,2021,2,7
3672.2,PER,2021,2,7
110.9,PHL,2021,2,7
1.3,PNG,2021,2,7
1158.0,POL,2021,2,7
1604.8,PRT,2021,2,7
440.6,PRY,2021,2,7
391.0,PSE,2021,2,7
,PYF,2021,2,7
88.0,QAT,2021,2,7
1063.9,ROU,2021,2,7
580.5,RUS,2021,2,7
19.7,RWA,2021,2,7
183.8,SAU,2021,2,7
41.9,SDN,2021,2,7
50.7,SEN,2021,2,7
4.9,SGP,2021,2,7
,SHN,2021,2,7
,SLB,2021,2,7
9.7,SLE,2021,2,7
284.4,SLV,2021,2,7
2175.8,SMR,2021,2,7
14.6,SOM,2021,2,7
643.1,SRB,2021,2,7
8.2,SSD,2021,2,7
129.8,STP,2021,2,7
290.6,SUR,2021,2,7
1316.5,SVK,2021,2,7
1845.4,SVN,2021,2,7
1262.4,SWE,2021,2,7
556.1,SWZ,2021,2,7
111.2,SYC,2021,2,7
56.2,SYR,2021,2,7
,TCA,2021,2,7
8.3,TCD,2021,2,7
9.9,TGO,2021,2,7
1.2,THA,2021,2,7
9.3,TJK,2021,2,7
,TKM,2021,2,7
,TLS,2021,2,7
99.0,TTO,2021,2,7
670.3,TUN,2021,2,7
335.9,TUR,2021,2,7
0.4,TWN,2021,2,7
0.3,TZA,2021,2,7
7.1,UGA,2021,2,7
630.5,UKR,2021,2,7
174.5,URY,2021,2,7
1544.5,USA,2021,2,7
18.3,UZB,2021,2,7
,VAT,2021,2,7
71.9,VCT,2021,2,7
46.8,VEN,2021,2,7
0.4,VNM,2021,2,7
,VUT,2021,2,7
,WSM,2021,2,7
20.8,YEM,2021,2,7
832.6,ZAF,2021,2,7
57.7,ZMB,2021,2,7
96.9,ZWE,2021,2,7
,ABW,2021,3,7
62.4,AFG,2021,3,7
15.8,AGO,2021,3,7
,AIA,2021,3,7
778.0,ALB,2021,3,7
1486.7,AND,2021,3,7
149.8,ARE,2021,3,7
1224.8,ARG,2021,3,7
1184.2,ARM,2021,3,7
283.6,ATG,2021,3,7
35.2,AUS,2021,3,7
1032.7,AUT,2021,3,7
348.9,AZE,2021,3,7
0.5,BDI,2021,3,7
1978.6,BEL,2021,3,7
7.2,BEN,2021,3,7
6.8,BFA,2021,3,7
54.4,BGD,2021,3,7
1913.5,BGR,2021,3,7
298.0,BHR,2021,3,7
473.7,BHS,2021,3,7
2022.1,BIH,2021,3,7
238.0,BLR,2021,3,7
782.9,BLZ,2021,3,7
,BMU,2021,3,7
1035.8,BOL,2021,3,7
1502.5,BRA,2021,3,7
146.0,BRB,2021,3,7
6.8,BRN,2021,3,7
1.3,BTN,2021,3,7
236.9,BWA,2021,3,7
13.6,CAF,2021,3,7
603.1,CAN,2021,3,7
1181.5,CHE,2021,3,7
1204.2,CHL,2021,3,7
3.2,CHN,2021,3,7
9.0,CIV,2021,3,7
26.5,CMR,2021,3,7
8.0,COD,2021,3,7
23.9,COG,2021,3,7
1237.1,COL,2021,3,7
164.3,COM,2021,3,7
299.0,CPV,2021,3,7
575.4,CRI,2021,3,7
37.5,CUB,2021,3,7
,CUW,2021,3,7
,CYM,2021,3,7
286.8,CYP,2021,3,7
2463.6,CZE,2021,3,7
912.9,DEU,2021,3,7
69.8,DJI,2021,3,7
,DMA,2021,3,7
416.3,DNK,2021,3,7
303.6,DOM,2021,3,7
69.3,DZA,2021,3,7
941.8,ECU,2021,3,7
115.1,EGY,2021,3,7
2.8,ERI,2021,3,7
1614.3,ESP,2021,3,7
680.7,EST,2021,3,7
24.3,ETH,2021,3,7
152.1,FIN,2021,3,7
2.2,FJI,2021,3,7
,FLK,2021,3,7
1417.9,FRA,2021,3,7
,FRO,2021,3,7
,FSM,2021,3,7
51.8,GAB,2021,3,7
1861.3,GBR,2021,3,7
949.3,GEO,2021,3,7
,GGY,2021,3,7
23.4,GHA,2021,3,7
,GIB,2021,3,7
9.3,GIN,2021,3,7
66.3,GMB,2021,3,7
31.3,GNB,2021,3,7
70.4,GNQ,2021,3,7
780.4,GRC,2021,3,7
8.8,GRD,2021,3,7
,GRL,2021,3,7
374.8,GTM,2021,3,7
292.3,GUY,2021,3,7
27.1,HKG,2021,3,7
457.6,HND,2021,3,7
1457.0,HRV,2021,3,7
21.8,HTI,2021,3,7
2152.4,HUN,2021,3,7
147.8,IDN,2021,3,7
,IMN,2021,3,7
116.9,IND,2021,3,7
940.6,IRL,2021,3,7
737.0,IRN,2021,3,7
347.8,IRQ,2021,3,7
84.5,ISL,2021,3,7
706.4,ISR,2021,3,7
1811.3,ITA,2021,3,7
200.4,JAM,2021,3,7
,JEY,2021,3,7
667.8,JOR,2021,3,7
72.6,JPN,2021,3,7
311.2,KAZ,2021,3,7
39.2,KEN,2021,3,7
226.3,KGZ,2021,3,7
0.6,KHM,2021,3,7
,KNA,2021,3,7
33.8,KOR,2021,3,7
303.3,KWT,2021,3,7
,LAO,2021,3,7
920.9,LBN,2021,3,7
16.4,LBR,2021,3,7
383.3,LBY,2021,3,7
325.4,LCA,2021,3,7
1463.9,LIE,2021,3,7
26.4,LKA,2021,3,7
145.9,LSO,2021,3,7
1328.7,LTU,2021,3,7
1175.1,LUX,2021,3,7
1017.2,LVA,2021,3,7
,MAC,2021,3,7
236.1,MAR,2021,3,7
708.5,MCO,2021,3,7
1232.6,MDA,2021,3,7
14.7,MDG,2021,3,7
123.2,MDV,2021,3,7
1560.0,MEX,2021,3,7
,MHL,2021,3,7
1815.5,MKD,2021,3,7
18.5,MLI,2021,3,7
761.8,MLT,2021,3,7
58.5,MMR,2021,3,7
2028.5,MNE,2021,3,7
2.4,MNG,2021,3,7
24.1,MOZ,2021,3,7
94.0,MRT,2021,3,7
,MSR,2021,3,7
9.4,MUS,2021,3,7
56.9,MWI,2021,3,7
38.8,MYS,2021,3,7
202.1,NAM,2021,3,7
,NCL,2021,3,7
7.4,NER,2021,3,7
9.7,NGA,2021,3,7
26.6,NIC,2021,3,7
971.8,NLD,2021,3,7
123.1,NOR,2021,3,7
102.1,NPL,2021,3,7
5.3,NZL,2021,3,7
321.2,OMN,2021,3,7
82.1,OWID_AFR,2021,3,7
92.1,OWID_ASI,2021,3,7
,OWID_CYN,2021,3,7
1379.8,OWID_EUN,2021,3,7
1222.0,OWID_EUR,2021,3,7
,OWID_INT,2021,3,7
1051.0,OWID_KOS,2021,3,7
1350.5,OWID_NAM,2021,3,7
23.1,OWID_OCE,2021,3,7
1482.2,OWID_SAM,2021,3,7
369.4,OWID_WRL,2021,3,7
64.5,PAK,2021,3,7
1395.4,PAN,2021,3,7
4299.1,PER,2021,3,7
119.7,PHL,2021,3,7
6.6,PNG,2021,3,7
1403.4,POL,2021,3,7
1657.0,PRT,2021,3,7
582.6,PRY,2021,3,7
503.0,PSE,2021,3,7
,PYF,2021,3,7
99.3,QAT,2021,3,7
1230.6,ROU,2021,3,7
666.3,RUS,2021,3,7
23.1,RWA,2021,3,7
188.7,SAU,2021,3,7
45.9,SDN,2021,3,7
61.1,SEN,2021,3,7
5.1,SGP,2021,3,7
,SHN,2021,3,7
,SLB,2021,3,7
9.7,SLE,2021,3,7
307.7,SLV,2021,3,7
2469.9,SMR,2021,3,7
32.3,SOM,2021,3,7
768.4,SRB,2021,3,7
9.6,SSD,2021,3,7
152.2,STP,2021,3,7
299.1,SUR,2021,3,7
1779.8,SVK,2021,3,7
1946.9,SVN,2021,3,7
1325.3,SWE,2021,3,7
568.9,SWZ,2021,3,7
202.2,SYC,2021,3,7
69.2,SYR,2021,3,7
,TCA,2021,3,7
9.7,TCD,2021,3,7
12.9,TGO,2021,3,7
1.3,THA,2021,3,7
9.3,TJK,2021,3,7
,TKM,2021,3,7
,TLS,2021,3,7
101.2,TTO,2021,3,7
738.3,TUN,2021,3,7
370.8,TUR,2021,3,7
0.4,TWN,2021,3,7
0.3,TZA,2021,3,7
7.1,UGA,2021,3,7
792.7,UKR,2021,3,7
279.5,URY,2021,3,7
1656.4,USA,2021,3,7
18.5,UZB,2021,3,7
,VAT,2021,3,7
89.9,VCT,2021,3,7
55.8,VEN,2021,3,7
0.4,VNM,2021,3,7
,VUT,2021,3,7
,WLF,2021,3,7
,WSM,2021,3,7
29.1,YEM,2021,3,7
880.2,ZAF,2021,3,7
63.8,ZMB,2021,3,7
100.9,ZWE,2021,3,7
,ABW,2021,4,7
65.9,AFG,2021,4,7
17.6,AGO,2021,4,7
,AIA,2021,4,7
833.3,ALB,2021,4,7
1615.9,AND,2021,4,7
158.8,ARE,2021,4,7
1400.4,ARG,2021,4,7
1384.0,ARM,2021,4,7
324.1,ATG,2021,4,7
35.3,AUS,2021,4,7
1128.5,AUT,2021,4,7
441.8,AZE,2021,4,7
0.5,BDI,2021,4,7
2083.0,BEL,2021,4,7
8.0,BEN,2021,4,7
,BES,2021,4,7
7.3,BFA,2021,4,7
68.8,BGD,2021,4,7
2377.8,BGR,2021,4,7
369.5,BHR,2021,4,7
501.4,BHS,2021,4,7
2620.2,BIH,2021,4,7
269.2,BLR,2021,4,7
797.7,BLZ,2021,4,7
,BMU,2021,4,7
1094.5,BOL,2021,4,7
1886.9,BRA,2021,4,7
152.9,BRB,2021,4,7
6.8,BRN,2021,4,7
1.3,BTN,2021,4,7
297.0,BWA,2021,4,7
17.9,CAF,2021,4,7
636.2,CAN,2021,4,7
1211.1,CHE,2021,4,7
1371.7,CHL,2021,4,7
3.2,CHN,2021,4,7
10.6,CIV,2021,4,7
40.7,CMR,2021,4,7
8.3,COD,2021,4,7
25.5,COG,2021,4,7
1438.0,COL,2021,4,7
164.3,COM,2021,4,7
386.2,CPV,2021,4,7
628.7,CRI,2021,4,7
56.9,CUB,2021,4,7
,CUW,2021,4,7
,CYM,2021,4,7
344.9,CYP,2021,4,7
2729.0,CZE,2021,4,7
990.4,DEU,2021,4,7
142.7,DJI,2021,4,7
,DMA,2021,4,7
427.3,DNK,2021,4,7
317.7,DOM,2021,4,7
72.9,DZA,2021,4,7
1041.5,ECU,2021,4,7
127.9,EGY,2021,4,7
2.8,ERI,2021,4,7
1673.2,ESP,2021,4,7
876.1,EST,2021,4,7
31.3,ETH,2021,4,7
164.7,FIN,2021,4,7
2.2,FJI,2021,4,7
,FLK,2021,4,7
1549.3,FRA,2021,4,7
,FRO,2021,4,7
,FSM,2021,4,7
61.0,GAB,2021,4,7
1873.3,GBR,2021,4,7
1032.7,GEO,2021,4,7
,GGY,2021,4,7
24.5,GHA,2021,4,7
,GIB,2021,4,7
10.7,GIN,2021,4,7
70.0,GMB,2021,4,7
33.2,GNB,2021,4,7
77.2,GNQ,2021,4,7
1001.0,GRC,2021,4,7
8.8,GRD,2021,4,7
,GRL,2021,4,7
412.3,GTM,2021,4,7
374.5,GUY,2021,4,7
27.7,HKG,2021,4,7
524.8,HND,2021,4,7
1734.8,HRV,2021,4,7
22.0,HTI,2021,4,7
2858.6,HUN,2021,4,7
164.7,IDN,2021,4,7
,IMN,2021,4,7
152.0,IND,2021,4,7
984.0,IRL,2021,4,7
843.9,IRN,2021,4,7
375.6,IRQ,2021,4,7
84.5,ISL,2021,4,7
723.9,ISR,2021,4,7
2001.2,ITA,2021,4,7
261.6,JAM,2021,4,7
,JEY,2021,4,7
860.5,JOR,2021,4,7
80.9,JPN,2021,4,7
345.4,KAZ,2021,4,7
49.5,KEN,2021,4,7
242.0,KGZ,2021,4,7
5.5,KHM,2021,4,7
,KNA,2021,4,7
35.7,KOR,2021,4,7
361.1,KWT,2021,4,7
,LAO,2021,4,7
1075.2,LBN,2021,4,7
16.4,LBR,2021,4,7
435.3,LBY,2021,4,7
401.3,LCA,2021,4,7
1463.9,LIE,2021,4,7
31.5,LKA,2021,4,7
146.4,LSO,2021,4,7
1458.4,LTU,2021,4,7
1253.9,LUX,2021,4,7
1141.4,LVA,2021,4,7
,MAC,2021,4,7
241.6,MAR,2021,4,7
809.7,MCO,2021,4,7
1444.3,MDA,2021,4,7
22.6,MDG,2021,4,7
134.3,MDV,2021,4,7
1665.2,MEX,2021,4,7
,MHL,2021,4,7
2331.2,MKD,2021,4,7
23.2,MLI,2021,4,7
802.6,MLT,2021,4,7
58.6,MMR,2021,4,7
2380.4,MNE,2021,4,7
34.5,MNG,2021,4,7
25.3,MOZ,2021,4,7
95.3,MRT,2021,4,7
,MSR,2021,4,7
13.4,MUS,2021,4,7
58.4,MWI,2021,4,7
45.9,MYS,2021,4,7
248.1,NAM,2021,4,7
,NCL,2021,4,7
7.6,NER,2021,4,7
9.8,NGA,2021,4,7
27.2,NIC,2021,4,7
1013.1,NLD,2021,4,7
138.3,NOR,2021,4,7
110.5,NPL,2021,4,7
,NRU,2021,4,7
5.3,NZL,2021,4,7
384.8,OMN,2021,4,7
88.7,OWID_AFR,2021,4,7
111.9,OWID_ASI,2021,4,7
,OWID_CYN,2021,4,7
1540.5,OWID_EUN,2021,4,7
1357.4,OWID_EUR,2021,4,7
,OWID_INT,2021,4,7
1202.0,OWID_KOS,2021,4,7
1419.8,OWID_NAM,2021,4,7
24.2,OWID_OCE,2021,4,7
1790.7,OWID_SAM,2021,4,7
417.5,OWID_WRL,2021,4,7
79.7,PAK,2021,4,7
1422.3,PAN,2021,4,7
4997.1,PER,2021,4,7
155.2,PHL,2021,4,7
11.7,PNG,2021,4,7
1785.9,POL,2021,4,7
1669.4,PRT,2021,4,7
884.4,PRY,2021,4,7
622.1,PSE,2021,4,7
,PYF,2021,4,7
156.3,QAT,2021,4,7
1469.5,ROU,2021,4,7
742.2,RUS,2021,4,7
25.2,RWA,2021,4,7
196.9,SAU,2021,4,7
52.3,SDN,2021,4,7
64.4,SEN,2021,4,7
5.1,SGP,2021,4,7
,SHN,2021,4,7
,SLB,2021,4,7
9.7,SLE,2021,4,7
325.8,SLV,2021,4,7
2646.3,SMR,2021,4,7
43.6,SOM,2021,4,7
920.9,SRB,2021,4,7
10.1,SSD,2021,4,7
156.7,STP,2021,4,7
344.7,SUR,2021,4,7
2139.6,SVK,2021,4,7
2044.5,SVN,2021,4,7
1382.7,SWE,2021,4,7
572.3,SWZ,2021,4,7
273.0,SYC,2021,4,7
87.1,SYR,2021,4,7
,TCA,2021,4,7
10.0,TCD,2021,4,7
14.5,TGO,2021,4,7
2.9,THA,2021,4,7
9.3,TJK,2021,4,7
,TKM,2021,4,7
2.2,TLS,2021,4,7
,TON,2021,4,7
120.4,TTO,2021,4,7
898.3,TUN,2021,4,7
471.9,TUR,2021,4,7
,TUV,2021,4,7
0.5,TWN,2021,4,7
0.3,TZA,2021,4,7
7.3,UGA,2021,4,7
1056.5,UKR,2021,4,7
750.6,URY,2021,4,7
1728.2,USA,2021,4,7
19.1,UZB,2021,4,7
,VAT,2021,4,7
98.9,VCT,2021,4,7
74.4,VEN,2021,4,7
0.4,VNM,2021,4,7
3.2,VUT,2021,4,7
,WLF,2021,4,7
,WSM,2021,4,7
40.2,YEM,2021,4,7
905.2,ZAF,2021,4,7
66.1,ZMB,2021,4,7
103.8,ZWE,2021,4,7
,ABW,2021,5,7
73.9,AFG,2021,5,7
22.6,AGO,2021,5,7
,AIA,2021,5,7
853.1,ALB,2021,5,7
1641.8,AND,2021,5,7
168.2,ARE,2021,5,7
1712.3,ARG,2021,5,7
1495.2,ARM,2021,5,7
425.4,ATG,2021,5,7
35.3,AUS,2021,5,7
1172.5,AUT,2021,5,7
480.6,AZE,2021,5,7
0.5,BDI,2021,5,7
2145.3,BEL,2021,5,7
8.1,BEN,2021,5,7
,BES,2021,5,7
7.7,BFA,2021,5,7
75.9,BGD,2021,5,7
2566.5,BGR,2021,5,7
560.5,BHR,2021,5,7
579.5,BHS,2021,5,7
2835.3,BIH,2021,5,7
301.9,BLR,2021,5,7
800.2,BLZ,2021,5,7
,BMU,2021,5,7
1227.4,BOL,2021,5,7
2162.6,BRA,2021,5,7
163.4,BRB,2021,5,7
6.8,BRN,2021,5,7
1.3,BTN,2021,5,7
354.2,BWA,2021,5,7
19.9,CAF,2021,5,7
671.1,CAN,2021,5,7
1229.1,CHE,2021,5,7
1525.1,CHL,2021,5,7
3.2,CHN,2021,5,7
11.3,CIV,2021,5,7
46.8,CMR,2021,5,7
8.5,COD,2021,5,7
27.0,COG,2021,5,7
,COK,2021,5,7
1731.6,COL,2021,5,7
164.3,COM,2021,5,7
469.8,CPV,2021,5,7
786.3,CRI,2021,5,7
84.6,CUB,2021,5,7
,CUW,2021,5,7
,CYM,2021,5,7
402.9,CYP,2021,5,7
2807.4,CZE,2021,5,7
1056.0,DEU,2021,5,7
153.7,DJI,2021,5,7
,DMA,2021,5,7
433.0,DNK,2021,5,7
331.2,DOM,2021,5,7
77.8,DZA,2021,5,7
1150.0,ECU,2021,5,7
144.8,EGY,2021,5,7
3.9,ERI,2021,5,7
1710.4,ESP,2021,5,7
944.8,EST,2021,5,7
35.3,ETH,2021,5,7
172.3,FIN,2021,5,7
4.4,FJI,2021,5,7
1623.5,FRA,2021,5,7
,FRO,2021,5,7
,FSM,2021,5,7
66.7,GAB,2021,5,7
1877.3,GBR,2021,5,7
1199.3,GEO,2021,5,7
,GGY,2021,5,7
24.7,GHA,2021,5,7
,GIB,2021,5,7
11.9,GIN,2021,5,7
72.0,GMB,2021,5,7
33.7,GNB,2021,5,7
81.4,GNQ,2021,5,7
1166.3,GRC,2021,5,7
8.8,GRD,2021,5,7
,GRL,2021,5,7
447.4,GTM,2021,5,7
492.2,GUY,2021,5,7
27.8,HKG,2021,5,7
631.3,HND,2021,5,7
1966.4,HRV,2021,5,7
26.8,HTI,2021,5,7
3086.2,HUN,2021,5,7
183.0,IDN,2021,5,7
,IMN,2021,5,7
238.2,IND,2021,5,7
991.6,IRL,2021,5,7
942.7,IRN,2021,5,7
397.7,IRQ,2021,5,7
87.4,ISL,2021,5,7
729.5,ISR,2021,5,7
2089.3,ITA,2021,5,7
318.8,JAM,2021,5,7
,JEY,2021,5,7
921.4,JOR,2021,5,7
103.2,JPN,2021,5,7
385.4,KAZ,2021,5,7
57.7,KEN,2021,5,7
272.8,KGZ,2021,5,7
12.6,KHM,2021,5,7
,KIR,2021,5,7
,KNA,2021,5,7
38.3,KOR,2021,5,7
409.4,KWT,2021,5,7
0.4,LAO,2021,5,7
1141.8,LBN,2021,5,7
16.6,LBR,2021,5,7
449.2,LBY,2021,5,7
428.4,LCA,2021,5,7
1490.0,LIE,2021,5,7
67.0,LKA,2021,5,7
151.0,LSO,2021,5,7
1586.0,LTU,2021,5,7
1283.8,LUX,2021,5,7
1272.7,LVA,2021,5,7
,MAC,2021,5,7
244.9,MAR,2021,5,7
809.7,MCO,2021,5,7
1517.6,MDA,2021,5,7
29.5,MDG,2021,5,7
294.3,MDV,2021,5,7
1716.3,MEX,2021,5,7
,MHL,2021,5,7
2599.1,MKD,2021,5,7
24.8,MLI,2021,5,7
814.3,MLT,2021,5,7
58.7,MMR,2021,5,7
2522.1,MNE,2021,5,7
82.9,MNG,2021,5,7
26.0,MOZ,2021,5,7
97.0,MRT,2021,5,7
,MSR,2021,5,7
14.1,MUS,2021,5,7
58.8,MWI,2021,5,7
85.3,MYS,2021,5,7
320.8,NAM,2021,5,7
,NCL,2021,5,7
7.6,NER,2021,5,7
9.9,NGA,2021,5,7
27.8,NIC,2021,5,7
1042.2,NLD,2021,5,7
143.3,NOR,2021,5,7
248.9,NPL,2021,5,7
,NRU,2021,5,7
5.3,NZL,2021,5,7
448.9,OMN,2021,5,7
95.1,OWID_AFR,2021,5,7
147.4,OWID_ASI,2021,5,7
,OWID_CYN,2021,5,7
1622.7,OWID_EUN,2021,5,7
1434.4,OWID_EUR,2021,5,7
,OWID_INT,2021,5,7
1266.2,OWID_KOS,2021,5,7
1470.5,OWID_NAM,2021,5,7
25.5,OWID_OCE,2021,5,7
2060.1,OWID_SAM,2021,5,7
465.7,OWID_WRL,2021,5,7
92.6,PAK,2021,5,7
1454.0,PAN,2021,5,7
5509.2,PER,2021,5,7
188.8,PHL,2021,5,7
17.8,PNG,2021,5,7
1951.1,POL,2021,5,7
1674.4,PRT,2021,5,7
1272.4,PRY,2021,5,7
669.6,PSE,2021,5,7
,PYF,2021,5,7
189.7,QAT,2021,5,7
1584.7,ROU,2021,5,7
818.7,RUS,2021,5,7
26.6,RWA,2021,5,7
208.3,SAU,2021,5,7
58.6,SDN,2021,5,7
66.2,SEN,2021,5,7
5.6,SGP,2021,5,7
,SHN,2021,5,7
,SLB,2021,5,7
9.7,SLE,2021,5,7
345.0,SLV,2021,5,7
2646.3,SMR,2021,5,7
47.0,SOM,2021,5,7
993.7,SRB,2021,5,7
10.1,SSD,2021,5,7
170.1,STP,2021,5,7
510.3,SUR,2021,5,7
2260.3,SVK,2021,5,7
2104.7,SVN,2021,5,7
1422.3,SWE,2021,5,7
574.1,SWZ,2021,5,7
,SXM,2021,5,7
404.4,SYC,2021,5,7
96.8,SYR,2021,5,7
,TCA,2021,5,7
10.2,TCD,2021,5,7
14.7,TGO,2021,5,7
14.7,THA,2021,5,7
9.3,TJK,2021,5,7
,TKM,2021,5,7
11.9,TLS,2021,5,7
,TON,2021,5,7
352.7,TTO,2021,5,7
1060.2,TUN,2021,5,7
558.9,TUR,2021,5,7
,TUV,2021,5,7
5.2,TWN,2021,5,7
0.3,TZA,2021,5,7
7.7,UGA,2021,5,7
1209.5,UKR,2021,5,7
1226.9,URY,2021,5,7
1783.3,USA,2021,5,7
20.3,UZB,2021,5,7
,VAT,2021,5,7
107.8,VCT,2021,5,7
92.2,VEN,2021,5,7
,VGB,2021,5,7
0.5,VNM,2021,5,7
3.2,VUT,2021,5,7
,WLF,2021,5,7
,WSM,2021,5,7
43.3,YEM,2021,5,7
941.1,ZAF,2021,5,7
67.7,ZMB,2021,5,7
105.6,ZWE,2021,5,7
,ABW,2021,6,7
122.3,AFG,2021,6,7
26.5,AGO,2021,6,7
,AIA,2021,6,7
854.9,ALB,2021,6,7
1641.8,AND,2021,6,7
181.3,ARE,2021,6,7
2067.8,ARG,2021,6,7
1520.8,ARM,2021,6,7
425.4,ATG,2021,6,7
35.3,AUS,2021,6,7
1183.4,AUT,2021,6,7
486.5,AZE,2021,6,7
0.7,BDI,2021,6,7
2164.1,BEL,2021,6,7
8.4,BEN,2021,6,7
,BES,2021,6,7
7.8,BFA,2021,6,7
87.2,BGD,2021,6,7
2618.8,BGR,2021,6,7
773.3,BHR,2021,6,7
619.8,BHS,2021,6,7
2961.6,BIH,2021,6,7
332.8,BLR,2021,6,7
812.5,BLZ,2021,6,7
,BMU,2021,6,7
1417.0,BOL,2021,6,7
2420.9,BRA,2021,6,7
163.4,BRB,2021,6,7
6.8,BRN,2021,6,7
1.3,BTN,2021,6,7
469.3,BWA,2021,6,7
19.9,CAF,2021,6,7
690.8,CAN,2021,6,7
1236.1,CHE,2021,6,7
1694.0,CHL,2021,6,7
3.2,CHN,2021,6,7
11.6,CIV,2021,6,7
48.6,CMR,2021,6,7
10.0,COD,2021,6,7
29.2,COG,2021,6,7
,COK,2021,6,7
2078.3,COL,2021,6,7
164.3,COM,2021,6,7
509.0,CPV,2021,6,7
908.1,CRI,2021,6,7
113.5,CUB,2021,6,7
,CUW,2021,6,7
,CYM,2021,6,7
418.5,CYP,2021,6,7
2825.6,CZE,2021,6,7
1084.0,DEU,2021,6,7
154.7,DJI,2021,6,7
,DMA,2021,6,7
436.1,DNK,2021,6,7
348.9,DOM,2021,6,7
83.3,DZA,2021,6,7
1205.2,ECU,2021,6,7
155.1,EGY,2021,6,7
6.4,ERI,2021,6,7
1730.1,ESP,2021,6,7
957.6,EST,2021,6,7
36.6,ETH,2021,6,7
174.6,FIN,2021,6,7
23.3,FJI,2021,6,7
1646.7,FRA,2021,6,7
,FRO,2021,6,7
,FSM,2021,6,7
69.8,GAB,2021,6,7
1882.6,GBR,2021,6,7
1335.8,GEO,2021,6,7
,GGY,2021,6,7
25.1,GHA,2021,6,7
,GIB,2021,6,7
12.7,GIN,2021,6,7
72.8,GMB,2021,6,7
34.2,GNB,2021,6,7
83.5,GNQ,2021,6,7
1225.2,GRC,2021,6,7
8.8,GRD,2021,6,7
,GRL,2021,6,7
504.9,GTM,2021,6,7
593.4,GUY,2021,6,7
27.9,HKG,2021,6,7
696.1,HND,2021,6,7
2010.5,HRV,2021,6,7
36.8,HTI,2021,6,7
3113.1,HUN,2021,6,7
211.6,IDN,2021,6,7
,IMN,2021,6,7
286.7,IND,2021,6,7
1003.0,IRL,2021,6,7
991.0,IRN,2021,6,7
417.3,IRQ,2021,6,7
87.4,ISL,2021,6,7
731.4,ISR,2021,6,7
2113.2,ITA,2021,6,7
361.5,JAM,2021,6,7
,JEY,2021,6,7
949.5,JOR,2021,6,7
116.9,JPN,2021,6,7
408.5,KAZ,2021,6,7
66.1,KEN,2021,6,7
301.7,KGZ,2021,6,7
35.5,KHM,2021,6,7
,KIR,2021,6,7
56.0,KNA,2021,6,7
39.4,KOR,2021,6,7
454.9,KWT,2021,6,7
0.4,LAO,2021,6,7
1159.8,LBN,2021,6,7
24.5,LBR,2021,6,7
458.9,LBY,2021,6,7
455.5,LCA,2021,6,7
1516.2,LIE,2021,6,7
143.1,LKA,2021,6,7
152.4,LSO,2021,6,7
1629.5,LTU,2021,6,7
1288.6,LUX,2021,6,7
1346.1,LVA,2021,6,7
,MAC,2021,6,7
248.9,MAR,2021,6,7
835.0,MCO,2021,6,7
1539.3,MDA,2021,6,7
32.1,MDG,2021,6,7
386.3,MDV,2021,6,7
1789.1,MEX,2021,6,7
,MHL,2021,6,7
2633.2,MKD,2021,6,7
25.2,MLI,2021,6,7
816.2,MLT,2021,6,7
60.8,MMR,2021,6,7
2568.3,MNE,2021,6,7
169.1,MNG,2021,6,7
27.3,MOZ,2021,6,7
102.4,MRT,2021,6,7
,MSR,2021,6,7
14.1,MUS,2021,6,7
60.9,MWI,2021,6,7
157.7,MYS,2021,6,7
587.9,NAM,2021,6,7
,NCL,2021,6,7
7.7,NER,2021,6,7
10.0,NGA,2021,6,7
28.5,NIC,2021,6,7
,NIU,2021,6,7
1049.8,NLD,2021,6,7
145.3,NOR,2021,6,7
307.1,NPL,2021,6,7
,NRU,2021,6,7
5.3,NZL,2021,6,7
593.5,OMN,2021,6,7
104.1,OWID_AFR,2021,6,7
169.9,OWID_ASI,2021,6,7
,OWID_CYN,2021,6,7
1653.8,OWID_EUN,2021,6,7
1475.8,OWID_EUR,2021,6,7
,OWID_INT,2021,6,7
1274.1,OWID_KOS,2021,6,7
1511.6,OWID_NAM,2021,6,7
26.2,OWID_OCE,2021,6,7
2313.6,OWID_SAM,2021,6,7
501.7,OWID_WRL,2021,6,7
99.1,PAK,2021,6,7
1493.8,PAN,2021,6,7
,PCN,2021,6,7
5765.4,PER,2021,6,7
222.1,PHL,2021,6,7
19.0,PNG,2021,6,7
1984.8,POL,2021,6,7
1681.4,PRT,2021,6,7
1786.1,PRY,2021,6,7
682.2,PSE,2021,6,7
,PYF,2021,6,7
201.3,QAT,2021,6,7
1766.3,ROU,2021,6,7
911.3,RUS,2021,6,7
33.0,RWA,2021,6,7
221.2,SAU,2021,6,7
61.3,SDN,2021,6,7
67.8,SEN,2021,6,7
6.1,SGP,2021,6,7
,SLB,2021,6,7
12.3,SLE,2021,6,7
365.3,SLV,2021,6,7
2646.3,SMR,2021,6,7
47.4,SOM,2021,6,7
1020.1,SRB,2021,6,7
10.3,SSD,2021,6,7
165.6,STP,2021,6,7
882.1,SUR,2021,6,7
2290.9,SVK,2021,6,7
2125.8,SVN,2021,6,7
1439.8,SWE,2021,6,7
578.3,SWZ,2021,6,7
,SXM,2021,6,7
566.2,SYC,2021,6,7
102.6,SYR,2021,6,7
,TCA,2021,6,7
10.3,TCD,2021,6,7
15.2,TGO,2021,6,7
28.9,THA,2021,6,7
9.3,TJK,2021,6,7
,TKL,2021,6,7
,TKM,2021,6,7
17.1,TLS,2021,6,7
,TON,2021,6,7
603.5,TTO,2021,6,7
1253.3,TUN,2021,6,7
584.8,TUR,2021,6,7
,TUV,2021,6,7
27.2,TWN,2021,6,7
0.3,TZA,2021,6,7
21.7,UGA,2021,6,7
1255.7,UKR,2021,6,7
1604.8,URY,2021,6,7
1815.0,USA,2021,6,7
21.7,UZB,2021,6,7
,VAT,2021,6,7
107.8,VCT,2021,6,7
108.7,VEN,2021,6,7
,VGB,2021,6,7
0.8,VNM,2021,6,7
3.2,VUT,2021,6,7
,WLF,2021,6,7
,WSM,2021,6,7
44.6,YEM,2021,6,7
1010.1,ZAF,2021,6,7
116.2,ZMB,2021,6,7
118.5,ZWE,2021,6,7
,ABW,2021,7,7
168.4,AFG,2021,7,7
29.8,AGO,2021,7,7
,AIA,2021,7,7
855.2,ALB,2021,7,7
1654.7,AND,2021,7,7
195.1,ARE,2021,7,7
2318.1,ARG,2021,7,7
1554.5,ARM,2021,7,7
435.5,ATG,2021,7,7
35.8,AUS,2021,7,7
1187.3,AUT,2021,7,7
491.3,AZE,2021,7,7
0.7,BDI,2021,7,7
2169.9,BEL,2021,7,7
8.7,BEN,2021,7,7
,BES,2021,7,7
7.9,BFA,2021,7,7
124.4,BGD,2021,7,7
2640.8,BGR,2021,7,7
791.6,BHR,2021,7,7
723.1,BHS,2021,7,7
2968.3,BIH,2021,7,7
365.8,BLR,2021,7,7
832.3,BLZ,2021,7,7
,BMU,2021,7,7
1506.1,BOL,2021,7,7
2599.9,BRA,2021,7,7
166.8,BRB,2021,7,7
6.8,BRN,2021,7,7
2.6,BTN,2021,7,7
654.5,BWA,2021,7,7
19.9,CAF,2021,7,7
698.7,CAN,2021,7,7
1238.4,CHE,2021,7,7
1845.1,CHL,2021,7,7
3.2,CHN,2021,7,7
12.2,CIV,2021,7,7
49.0,CMR,2021,7,7
11.2,COD,2021,7,7
31.5,COG,2021,7,7
,COK,2021,7,7
2354.8,COL,2021,7,7
165.5,COM,2021,7,7
530.3,CPV,2021,7,7
978.8,CRI,2021,7,7
243.7,CUB,2021,7,7
,CUW,2021,7,7
,CYM,2021,7,7
468.7,CYP,2021,7,7
2832.1,CZE,2021,7,7
1092.6,DEU,2021,7,7
155.7,DJI,2021,7,7
,DMA,2021,7,7
438.8,DNK,2021,7,7
361.8,DOM,2021,7,7
95.3,DZA,2021,7,7
1768.2,ECU,2021,7,7
158.5,EGY,2021,7,7
9.7,ERI,2021,7,7
1743.2,ESP,2021,7,7
959.9,EST,2021,7,7
37.2,ETH,2021,7,7
177.4,FIN,2021,7,7
263.6,FJI,2021,7,7
1658.6,FRA,2021,7,7
,FRO,2021,7,7
,FSM,2021,7,7
72.0,GAB,2021,7,7
1905.2,GBR,2021,7,7
1462.4,GEO,2021,7,7
,GGY,2021,7,7
25.9,GHA,2021,7,7
,GIB,2021,7,7
16.3,GIN,2021,7,7
85.2,GMB,2021,7,7
37.7,GNB,2021,7,7
84.8,GNQ,2021,7,7
1250.2,GRC,2021,7,7
8.8,GRD,2021,7,7
,GRL,2021,7,7
566.5,GTM,2021,7,7
684.5,GUY,2021,7,7
28.1,HKG,2021,7,7
778.5,HND,2021,7,7
2023.4,HRV,2021,7,7
47.2,HTI,2021,7,7
3116.6,HUN,2021,7,7
340.6,IDN,2021,7,7
,IMN,2021,7,7
304.5,IND,2021,7,7
1010.5,IRL,2021,7,7
1065.9,IRN,2021,7,7
453.1,IRQ,2021,7,7
87.4,ISL,2021,7,7
736.4,ISR,2021,7,7
2121.4,ITA,2021,7,7
400.2,JAM,2021,7,7
,JEY,2021,7,7
976.9,JOR,2021,7,7
120.6,JPN,2021,7,7
477.9,KAZ,2021,7,7
71.5,KEN,2021,7,7
350.8,KGZ,2021,7,7
82.4,KHM,2021,7,7
,KIR,2021,7,7
56.0,KNA,2021,7,7
40.9,KOR,2021,7,7
536.0,KWT,2021,7,7
0.9,LAO,2021,7,7
1167.9,LBN,2021,7,7
28.6,LBR,2021,7,7
504.3,LBY,2021,7,7
482.6,LCA,2021,7,7
1516.2,LIE,2021,7,7
206.4,LKA,2021,7,7
173.2,LSO,2021,7,7
1641.3,LTU,2021,7,7
1294.9,LUX,2021,7,7
1369.1,LVA,2021,7,7
,MAC,2021,7,7
262.0,MAR,2021,7,7
835.0,MCO,2021,7,7
1554.4,MDA,2021,7,7
33.2,MDG,2021,7,7
406.5,MDV,2021,7,7
1849.4,MEX,2021,7,7
,MHL,2021,7,7
2637.5,MKD,2021,7,7
25.5,MLI,2021,7,7
822.1,MLT,2021,7,7
170.3,MMR,2021,7,7
2595.3,MNE,2021,7,7
244.8,MNG,2021,7,7
44.6,MOZ,2021,7,7
117.7,MRT,2021,7,7
,MSR,2021,7,7
14.9,MUS,2021,7,7
83.2,MWI,2021,7,7
275.3,MYS,2021,7,7
1176.5,NAM,2021,7,7
,NCL,2021,7,7
7.8,NER,2021,7,7
10.2,NGA,2021,7,7
29.1,NIC,2021,7,7
,NIU,2021,7,7
1054.8,NLD,2021,7,7
146.2,NOR,2021,7,7
332.2,NPL,2021,7,7
,NRU,2021,7,7
5.3,NZL,2021,7,7
730.2,OMN,2021,7,7
123.8,OWID_AFR,2021,7,7
192.3,OWID_ASI,2021,7,7
,OWID_CYN,2021,7,7
1664.2,OWID_EUN,2021,7,7
1516.7,OWID_EUR,2021,7,7
,OWID_INT,2021,7,7
1278.0,OWID_KOS,2021,7,7
1548.2,OWID_NAM,2021,7,7
32.0,OWID_OCE,2021,7,7
2509.5,OWID_SAM,2021,7,7
535.9,OWID_WRL,2021,7,7
104.0,PAK,2021,7,7
1557.2,PAN,2021,7,7
,PCN,2021,7,7
5886.0,PER,2021,7,7
251.1,PHL,2021,7,7
21.1,PNG,2021,7,7
1991.2,POL,2021,7,7
1707.4,PRT,2021,7,7
2075.0,PRY,2021,7,7
689.9,PSE,2021,7,7
,PYF,2021,7,7
205.1,QAT,2021,7,7
1792.2,ROU,2021,7,7
1068.8,RUS,2021,7,7
60.9,RWA,2021,7,7
233.1,SAU,2021,7,7
61.8,SDN,2021,7,7
78.7,SEN,2021,7,7
6.3,SGP,2021,7,7
,SLB,2021,7,7
14.7,SLE,2021,7,7
403.3,SLV,2021,7,7
2646.3,SMR,2021,7,7
49.6,SOM,2021,7,7
1029.8,SRB,2021,7,7
10.5,SSD,2021,7,7
165.6,STP,2021,7,7
1096.7,SUR,2021,7,7
2296.4,SVK,2021,7,7
2130.6,SVN,2021,7,7
1442.4,SWE,2021,7,7
671.3,SWZ,2021,7,7
,SXM,2021,7,7
798.7,SYC,2021,7,7
104.7,SYR,2021,7,7
,TCA,2021,7,7
10.3,TCD,2021,7,7
17.9,TGO,2021,7,7
69.4,THA,2021,7,7
12.5,TJK,2021,7,7
,TKL,2021,7,7
,TKM,2021,7,7
19.3,TLS,2021,7,7
,TON,2021,7,7
762.4,TTO,2021,7,7
1649.3,TUN,2021,7,7
603.6,TUR,2021,7,7
,TUV,2021,7,7
33.0,TWN,2021,7,7
0.3,TZA,2021,7,7
57.1,UGA,2021,7,7
1278.1,UKR,2021,7,7
1711.3,URY,2021,7,7
1841.2,USA,2021,7,7
25.8,UZB,2021,7,7
,VAT,2021,7,7
107.8,VCT,2021,7,7
125.1,VEN,2021,7,7
,VGB,2021,7,7
13.3,VNM,2021,7,7
3.2,VUT,2021,7,7
,WLF,2021,7,7
,WSM,2021,7,7
45.1,YEM,2021,7,7
1199.4,ZAF,2021,7,7
179.1,ZMB,2021,7,7
234.0,ZWE,2021,7,7
,ABW,2021,8,7
178.7,AFG,2021,8,7
35.9,AGO,2021,8,7
,AIA,2021,8,7
869.5,ALB,2021,8,7
1680.6,AND,2021,8,7
204.3,ARE,2021,8,7
2451.7,ARG,2021,8,7
1632.0,ARM,2021,8,7
445.7,ATG,2021,8,7
39.2,AUS,2021,8,7
1191.2,AUT,2021,8,7
551.3,AZE,2021,8,7
3.1,BDI,2021,8,7
2181.8,BEL,2021,8,7
10.3,BEN,2021,8,7
,BES,2021,8,7
8.0,BFA,2021,8,7
157.5,BGD,2021,8,7
2739.9,BGR,2021,8,7
793.9,BHR,2021,8,7
891.9,BHS,2021,8,7
3003.9,BIH,2021,8,7
400.3,BLR,2021,8,7
894.0,BLZ,2021,8,7
,BMU,2021,8,7
1559.4,BOL,2021,8,7
2712.3,BRA,2021,8,7
173.8,BRB,2021,8,7
20.4,BRN,2021,8,7
3.8,BTN,2021,8,7
943.2,BWA,2021,8,7
20.3,CAF,2021,8,7
709.0,CAN,2021,8,7
1250.5,CHE,2021,8,7
1922.6,CHL,2021,8,7
3.2,CHN,2021,8,7
16.3,CIV,2021,8,7
49.6,CMR,2021,8,7
11.5,COD,2021,8,7
32.3,COG,2021,8,7
,COK,2021,8,7
2437.2,COL,2021,8,7
165.5,COM,2021,8,7
557.0,CPV,2021,8,7
1071.4,CRI,2021,8,7
468.6,CUB,2021,8,7
,CUW,2021,8,7
,CYM,2021,8,7
569.2,CYP,2021,8,7
2835.0,CZE,2021,8,7
1099.3,DEU,2021,8,7
156.7,DJI,2021,8,7
55.4,DMA,2021,8,7
444.8,DNK,2021,8,7
365.9,DOM,2021,8,7
118.1,DZA,2021,8,7
1802.5,ECU,2021,8,7
160.5,EGY,2021,8,7
10.6,ERI,2021,8,7
1804.2,ESP,2021,8,7
975.0,EST,2021,8,7
39.7,ETH,2021,8,7
185.5,FIN,2021,8,7
549.3,FJI,2021,8,7
1701.0,FRA,2021,8,7
,FRO,2021,8,7
,FSM,2021,8,7
72.8,GAB,2021,8,7
1947.9,GBR,2021,8,7
1861.4,GEO,2021,8,7
,GGY,2021,8,7
32.6,GHA,2021,8,7
,GIB,2021,8,7
25.0,GIN,2021,8,7
128.3,GMB,2021,8,7
59.0,GNB,2021,8,7
86.9,GNQ,2021,8,7
1320.2,GRC,2021,8,7
17.7,GRD,2021,8,7
,GRL,2021,8,7
653.5,GTM,2021,8,7
787.0,GUY,2021,8,7
28.1,HKG,2021,8,7
879.5,HND,2021,8,7
2041.8,HRV,2021,8,7
50.8,HTI,2021,8,7
3119.9,HUN,2021,8,7
481.3,IDN,2021,8,7
,IMN,2021,8,7
315.1,IND,2021,8,7
1021.9,IRL,2021,8,7
1267.7,IRN,2021,8,7
505.8,IRQ,2021,8,7
96.1,ISL,2021,8,7
801.3,ISR,2021,8,7
2140.6,ITA,2021,8,7
510.5,JAM,2021,8,7
,JEY,2021,8,7
1013.8,JOR,2021,8,7
127.6,JPN,2021,8,7
666.2,KAZ,2021,8,7
86.0,KEN,2021,8,7
381.4,KGZ,2021,8,7
112.3,KHM,2021,8,7
,KIR,2021,8,7
56.0,KNA,2021,8,7
44.7,KOR,2021,8,7
558.8,KWT,2021,8,7
1.9,LAO,2021,8,7
1189.7,LBN,2021,8,7
47.3,LBR,2021,8,7
610.3,LBY,2021,8,7
564.0,LCA,2021,8,7
1516.2,LIE,2021,8,7
427.3,LKA,2021,8,7
186.7,LSO,2021,8,7
1695.6,LTU,2021,8,7
1307.5,LUX,2021,8,7
1380.9,LVA,2021,8,7
,MAC,2021,8,7
338.7,MAR,2021,8,7
835.0,MCO,2021,8,7
1590.7,MDA,2021,8,7
33.6,MDG,2021,8,7
415.7,MDV,2021,8,7
1990.8,MEX,2021,8,7
,MHL,2021,8,7
2851.2,MKD,2021,8,7
25.8,MLI,2021,8,7
857.0,MLT,2021,8,7
280.8,MMR,2021,8,7
2745.0,MNE,2021,8,7
281.4,MNG,2021,8,7
58.0,MOZ,2021,8,7
149.7,MRT,2021,8,7
,MSR,2021,8,7
24.3,MUS,2021,8,7
110.8,MWI,2021,8,7
508.4,MYS,2021,8,7
1304.4,NAM,2021,8,7
,NCL,2021,8,7
7.9,NER,2021,8,7
11.7,NGA,2021,8,7
29.8,NIC,2021,8,7
,NIU,2021,8,7
1069.6,NLD,2021,8,7
148.9,NOR,2021,8,7
362.3,NPL,2021,8,7
,NRU,2021,8,7
5.3,NZL,2021,8,7
778.0,OMN,2021,8,7
142.9,OWID_AFR,2021,8,7
221.8,OWID_ASI,2021,8,7
,OWID_CYN,2021,8,7
1688.1,OWID_EUN,2021,8,7
1571.2,OWID_EUR,2021,8,7
,OWID_INT,2021,8,7
1409.8,OWID_KOS,2021,8,7
1638.1,OWID_NAM,2021,8,7
40.0,OWID_OCE,2021,8,7
2602.6,OWID_SAM,2021,8,7
574.0,OWID_WRL,2021,8,7
115.0,PAK,2021,8,7
1611.5,PAN,2021,8,7
,PCN,2021,8,7
5943.2,PER,2021,8,7
301.2,PHL,2021,8,7
,PLW,2021,8,7
21.1,PNG,2021,8,7
1993.4,POL,2021,8,7
1745.0,PRT,2021,8,7
2183.9,PRY,2021,8,7
704.6,PSE,2021,8,7
,PYF,2021,8,7
205.4,QAT,2021,8,7
1807.3,ROU,2021,8,7
1233.7,RUS,2021,8,7
82.0,RWA,2021,8,7
240.9,SAU,2021,8,7
63.0,SDN,2021,8,7
102.6,SEN,2021,8,7
9.3,SGP,2021,8,7
,SLB,2021,8,7
14.9,SLE,2021,8,7
447.6,SLV,2021,8,7
2646.3,SMR,2021,8,7
59.7,SOM,2021,8,7
1055.6,SRB,2021,8,7
10.5,SSD,2021,8,7
165.6,STP,2021,8,7
1218.3,SUR,2021,8,7
2297.9,SVK,2021,8,7
2140.7,SVN,2021,8,7
1446.0,SWE,2021,8,7
939.1,SWZ,2021,8,7
,SXM,2021,8,7
1031.2,SYC,2021,8,7
110.1,SYR,2021,8,7
,TCA,2021,8,7
10.3,TCD,2021,8,7
21.8,TGO,2021,8,7
165.7,THA,2021,8,7
12.8,TJK,2021,8,7
,TKL,2021,8,7
,TKM,2021,8,7
49.9,TLS,2021,8,7
,TON,2021,8,7
919.9,TTO,2021,8,7
1964.8,TUN,2021,8,7
666.8,TUR,2021,8,7
,TUV,2021,8,7
35.0,TWN,2021,8,7
0.8,TZA,2021,8,7
63.9,UGA,2021,8,7
1311.4,UKR,2021,8,7
1730.8,URY,2021,8,7
1925.0,USA,2021,8,7
31.9,UZB,2021,8,7
,VAT,2021,8,7
107.8,VCT,2021,8,7
139.7,VEN,2021,8,7
,VGB,2021,8,7
112.7,VNM,2021,8,7
3.2,VUT,2021,8,7
,WLF,2021,8,7
,WSM,2021,8,7
48.3,YEM,2021,8,7
1370.1,ZAF,2021,8,7
190.4,ZMB,2021,8,7
292.8,ZWE,2021,8,7
,ABW,2021,9,7
180.8,AFG,2021,9,7
45.3,AGO,2021,9,7
,AIA,2021,9,7
939.1,ALB,2021,9,7
1680.6,AND,2021,9,7
209.9,ARE,2021,9,7
2525.5,ARG,2021,9,7
1792.0,ARM,2021,9,7
800.2,ATG,2021,9,7
50.8,AUS,2021,9,7
1217.4,AUT,2021,9,7
638.2,AZE,2021,9,7
3.1,BDI,2021,9,7
2200.9,BEL,2021,9,7
12.8,BEN,2021,9,7
,BES,2021,9,7
8.6,BFA,2021,9,7
165.4,BGD,2021,9,7
3027.8,BGR,2021,9,7
794.5,BHR,2021,9,7
1337.8,BHS,2021,9,7
3249.9,BIH,2021,9,7
438.7,BLR,2021,9,7
1022.4,BLZ,2021,9,7
,BMU,2021,9,7
1583.3,BOL,2021,9,7
2788.6,BRA,2021,9,7
257.2,BRB,2021,9,7
95.1,BRN,2021,9,7
3.8,BTN,2021,9,7
987.8,BWA,2021,9,7
20.3,CAF,2021,9,7
733.3,CAN,2021,9,7
1272.1,CHE,2021,9,7
1950.2,CHL,2021,9,7
3.2,CHN,2021,9,7
23.1,CIV,2021,9,7
53.6,CMR,2021,9,7
11.7,COD,2021,9,7
34.1,COG,2021,9,7
,COK,2021,9,7
2463.6,COL,2021,9,7
165.5,COM,2021,9,7
603.3,CPV,2021,9,7
1242.6,CRI,2021,9,7
657.0,CUB,2021,9,7
,CUW,2021,9,7
,CYM,2021,9,7
616.1,CYP,2021,9,7
2840.1,CZE,2021,9,7
1117.0,DEU,2021,9,7
166.6,DJI,2021,9,7
277.1,DMA,2021,9,7
457.2,DNK,2021,9,7
369.4,DOM,2021,9,7
130.3,DZA,2021,9,7
1831.5,ECU,2021,9,7
166.2,EGY,2021,9,7
11.7,ERI,2021,9,7
1848.6,ESP,2021,9,7
1024.0,EST,2021,9,7
47.4,ETH,2021,9,7
194.5,FIN,2021,9,7
691.1,FJI,2021,9,7
1738.7,FRA,2021,9,7
,FRO,2021,9,7
,FSM,2021,9,7
81.6,GAB,2021,9,7
2009.2,GBR,2021,9,7
2247.9,GEO,2021,9,7
,GGY,2021,9,7
36.4,GHA,2021,9,7
,GIB,2021,9,7
28.1,GIN,2021,9,7
135.9,GMB,2021,9,7
67.0,GNB,2021,9,7
101.4,GNQ,2021,9,7
1429.8,GRC,2021,9,7
1247.6,GRD,2021,9,7
,GRL,2021,9,7
743.2,GTM,2021,9,7
994.5,GUY,2021,9,7
28.2,HKG,2021,9,7
971.6,HND,2021,9,7
2116.8,HRV,2021,9,7
52.9,HTI,2021,9,7
3133.6,HUN,2021,9,7
513.6,IDN,2021,9,7
,IMN,2021,9,7
321.8,IND,2021,9,7
1053.4,IRL,2021,9,7
1416.3,IRN,2021,9,7
540.6,IRQ,2021,9,7
96.1,ISL,2021,9,7
883.0,ISR,2021,9,7
2168.7,ITA,2021,9,7
628.6,JAM,2021,9,7
,JEY,2021,9,7
1043.7,JOR,2021,9,7
140.1,JPN,2021,9,7
837.4,KAZ,2021,9,7
93.2,KEN,2021,9,7
393.3,KGZ,2021,9,7
136.8,KHM,2021,9,7
,KIR,2021,9,7
242.8,KNA,2021,9,7
48.7,KOR,2021,9,7
565.8,KWT,2021,9,7
2.4,LAO,2021,9,7
1229.8,LBN,2021,9,7
55.2,LBR,2021,9,7
668.4,LBY,2021,9,7
1090.0,LCA,2021,9,7
1516.2,LIE,2021,9,7
600.4,LKA,2021,9,7
186.7,LSO,2021,9,7
1856.2,LTU,2021,9,7
1315.3,LUX,2021,9,7
1455.3,LVA,2021,9,7
,MAC,2021,9,7
382.0,MAR,2021,9,7
835.0,MCO,2021,9,7
1684.1,MDA,2021,9,7
33.7,MDG,2021,9,7
424.9,MDV,2021,9,7
2130.4,MEX,2021,9,7
,MHL,2021,9,7
3201.7,MKD,2021,9,7
26.3,MLI,2021,9,7
888.1,MLT,2021,9,7
323.6,MMR,2021,9,7
3061.9,MNE,2021,9,7
383.6,MNG,2021,9,7
59.6,MOZ,2021,9,7
162.3,MRT,2021,9,7
,MSR,2021,9,7
66.0,MUS,2021,9,7
116.1,MWI,2021,9,7
803.5,MYS,2021,9,7
1357.0,NAM,2021,9,7
,NCL,2021,9,7
8.0,NER,2021,9,7
12.9,NGA,2021,9,7
30.4,NIC,2021,9,7
1082.2,NLD,2021,9,7
157.5,NOR,2021,9,7
375.2,NPL,2021,9,7
5.6,NZL,2021,9,7
784.2,OMN,2021,9,7
153.2,OWID_AFR,2021,9,7
240.8,OWID_ASI,2021,9,7
,OWID_CYN,2021,9,7
1724.9,OWID_EUN,2021,9,7
1639.9,OWID_EUR,2021,9,7
,OWID_INT,2021,9,7
1663.3,OWID_KOS,2021,9,7
1779.6,OWID_NAM,2021,9,7
50.7,OWID_OCE,2021,9,7
2659.6,OWID_SAM,2021,9,7
607.5,OWID_WRL,2021,9,7
123.4,PAK,2021,9,7
1649.6,PAN,2021,9,7
,PCN,2021,9,7
5976.3,PER,2021,9,7
344.8,PHL,2021,9,7
,PLW,2021,9,7
25.1,PNG,2021,9,7
2001.5,POL,2021,9,7
1767.8,PRT,2021,9,7
2243.6,PRY,2021,9,7
784.6,PSE,2021,9,7
,PYF,2021,9,7
206.8,QAT,2021,9,7
1936.5,ROU,2021,9,7
1395.0,RUS,2021,9,7
95.9,RWA,2021,9,7
246.6,SAU,2021,9,7
64.6,SDN,2021,9,7
108.0,SEN,2021,9,7
16.1,SGP,2021,9,7
,SLB,2021,9,7
14.9,SLE,2021,9,7
496.1,SLV,2021,9,7
2675.7,SMR,2021,9,7
67.9,SOM,2021,9,7
1191.9,SRB,2021,9,7
11.4,SSD,2021,9,7
223.8,STP,2021,9,7
1493.8,SUR,2021,9,7
2314.2,SVK,2021,9,7
2194.1,SVN,2021,9,7
1463.0,SWE,2021,9,7
1040.6,SWZ,2021,9,7
,SXM,2021,9,7
1132.3,SYC,2021,9,7
123.0,SYR,2021,9,7
,TCA,2021,9,7
10.3,TCD,2021,9,7
27.0,TGO,2021,9,7
239.1,THA,2021,9,7
12.8,TJK,2021,9,7
,TKL,2021,9,7
87.1,TLS,2021,9,7
,TON,2021,9,7
1056.0,TTO,2021,9,7
2085.3,TUN,2021,9,7
753.2,TUR,2021,9,7
,TUV,2021,9,7
35.3,TWN,2021,9,7
0.8,TZA,2021,9,7
67.0,UGA,2021,9,7
1379.9,UKR,2021,9,7
1737.4,URY,2021,9,7
2099.4,USA,2021,9,7
36.5,UZB,2021,9,7
,VAT,2021,9,7
188.7,VCT,2021,9,7
155.7,VEN,2021,9,7
,VGB,2021,9,7
196.6,VNM,2021,9,7
3.2,VUT,2021,9,7
,WLF,2021,9,7
,WSM,2021,9,7
56.4,YEM,2021,9,7
1459.4,ZAF,2021,9,7
192.8,ZMB,2021,9,7
306.3,ZWE,2021,9,7
,ABW,2021,10,7
182.5,AFG,2021,10,7
50.3,AGO,2021,10,7
,AIA,2021,10,7
1012.6,ALB,2021,10,7
1680.6,AND,2021,10,7
213.8,ARE,2021,10,7
2542.1,ARG,2021,10,7
2099.6,ARM,2021,10,7
1033.1,ATG,2021,10,7
66.8,AUS,2021,10,7
1253.2,AUT,2021,10,7
686.8,AZE,2021,10,7
3.1,BDI,2021,10,7
2234.6,BEL,2021,10,7
12.9,BEN,2021,10,7
10.0,BFA,2021,10,7
167.5,BGD,2021,10,7
3461.4,BGR,2021,10,7
796.8,BHR,2021,10,7
1620.0,BHS,2021,10,7
3522.3,BIH,2021,10,7
486.7,BLR,2021,10,7
1212.6,BLZ,2021,10,7
,BMU,2021,10,7
1598.5,BOL,2021,10,7
2838.7,BRA,2021,10,7
524.8,BRB,2021,10,7
194.8,BRN,2021,10,7
3.8,BTN,2021,10,7
1003.7,BWA,2021,10,7
20.3,CAF,2021,10,7
761.9,CAN,2021,10,7
1288.9,CHE,2021,10,7
1963.8,CHL,2021,10,7
3.2,CHN,2021,10,7
25.6,CIV,2021,10,7
61.9,CMR,2021,10,7
11.8,COD,2021,10,7
45.6,COG,2021,10,7
,COK,2021,10,7
2481.7,COL,2021,10,7
165.5,COM,2021,10,7
621.1,CPV,2021,10,7
1367.8,CRI,2021,10,7
726.6,CUB,2021,10,7
,CUW,2021,10,7
,CYM,2021,10,7
638.4,CYP,2021,10,7
2863.1,CZE,2021,10,7
1140.6,DEU,2021,10,7
180.6,DJI,2021,10,7
443.4,DMA,2021,10,7
466.3,DNK,2021,10,7
376.7,DOM,2021,10,7
132.5,DZA,2021,10,7
1842.4,ECU,2021,10,7
177.8,EGY,2021,10,7
12.5,ERI,2021,10,7
1869.0,ESP,2021,10,7
1133.4,EST,2021,10,7
54.6,ETH,2021,10,7
208.7,FIN,2021,10,7
746.5,FJI,2021,10,7
1755.2,FRA,2021,10,7
,FRO,2021,10,7
,FSM,2021,10,7
104.9,GAB,2021,10,7
2064.5,GBR,2021,10,7
2502.9,GEO,2021,10,7
,GGY,2021,10,7
37.0,GHA,2021,10,7
,GIB,2021,10,7
28.5,GIN,2021,10,7
136.7,GMB,2021,10,7
70.0,GNB,2021,10,7
114.5,GNQ,2021,10,7
1528.9,GRC,2021,10,7
1752.0,GRD,2021,10,7
,GRL,2021,10,7
821.5,GTM,2021,10,7
1151.4,GUY,2021,10,7
28.2,HKG,2021,10,7
1017.1,HND,2021,10,7
2246.1,HRV,2021,10,7
57.4,HTI,2021,10,7
3189.6,HUN,2021,10,7
518.7,IDN,2021,10,7
,IMN,2021,10,7
328.5,IND,2021,10,7
1090.9,IRL,2021,10,7
1481.8,IRN,2021,10,7
561.2,IRQ,2021,10,7
96.1,ISL,2021,10,7
919.8,ISR,2021,10,7
2187.2,ITA,2021,10,7
745.6,JAM,2021,10,7
,JEY,2021,10,7
1072.7,JOR,2021,10,7
144.9,JPN,2021,10,7
899.1,KAZ,2021,10,7
95.9,KEN,2021,10,7
402.2,KGZ,2021,10,7
163.6,KHM,2021,10,7
,KIR,2021,10,7
429.5,KNA,2021,10,7
55.2,KOR,2021,10,7
568.6,KWT,2021,10,7
8.3,LAO,2021,10,7
1253.9,LBN,2021,10,7
55.4,LBR,2021,10,7
729.8,LBY,2021,10,7
1377.4,LCA,2021,10,7
1594.6,LIE,2021,10,7
637.6,LKA,2021,10,7
304.8,LSO,2021,10,7
2156.2,LTU,2021,10,7
1327.9,LUX,2021,10,7
1713.0,LVA,2021,10,7
,MAC,2021,10,7
392.6,MAR,2021,10,7
910.9,MCO,2021,10,7
1904.8,MDA,2021,10,7
33.9,MDG,2021,10,7
447.0,MDV,2021,10,7
2210.5,MEX,2021,10,7
,MHL,2021,10,7
3412.9,MKD,2021,10,7
27.0,MLI,2021,10,7
895.9,MLT,2021,10,7
340.2,MMR,2021,10,7
3335.7,MNE,2021,10,7
517.2,MNG,2021,10,7
60.0,MOZ,2021,10,7
166.3,MRT,2021,10,7
,MSR,2021,10,7
130.4,MUS,2021,10,7
117.0,MWI,2021,10,7
879.7,MYS,2021,10,7
1372.8,NAM,2021,10,7
,NCL,2021,10,7
8.4,NER,2021,10,7
13.7,NGA,2021,10,7
31.0,NIC,2021,10,7
1096.1,NLD,2021,10,7
164.7,NOR,2021,10,7
383.8,NPL,2021,10,7
5.8,NZL,2021,10,7
787.0,OMN,2021,10,7
158.7,OWID_AFR,2021,10,7
250.7,OWID_ASI,2021,10,7
,OWID_CYN,2021,10,7
1781.2,OWID_EUN,2021,10,7
1737.9,OWID_EUR,2021,10,7
,OWID_INT,2021,10,7
1676.3,OWID_KOS,2021,10,7
1885.1,OWID_NAM,2021,10,7
64.6,OWID_OCE,2021,10,7
2693.3,OWID_SAM,2021,10,7
633.6,OWID_WRL,2021,10,7
126.3,PAK,2021,10,7
1669.5,PAN,2021,10,7
6001.2,PER,2021,10,7
383.8,PHL,2021,10,7
,PLW,2021,10,7
40.2,PNG,2021,10,7
2033.9,POL,2021,10,7
1785.3,PRT,2021,10,7
2249.8,PRY,2021,10,7
892.8,PSE,2021,10,7
,PYF,2021,10,7
208.2,QAT,2021,10,7
2452.5,ROU,2021,10,7
1589.5,RUS,2021,10,7
100.0,RWA,2021,10,7
248.7,SAU,2021,10,7
69.0,SDN,2021,10,7
109.2,SEN,2021,10,7
64.4,SGP,2021,10,7
,SLB,2021,10,7
14.9,SLE,2021,10,7
554.3,SLV,2021,10,7
2705.1,SMR,2021,10,7
73.8,SOM,2021,10,7
1422.4,SRB,2021,10,7
11.7,SSD,2021,10,7
250.7,STP,2021,10,7
1828.3,SUR,2021,10,7
2380.6,SVK,2021,10,7
2275.4,SVN,2021,10,7
1478.8,SWE,2021,10,7
1059.4,SWZ,2021,10,7
,SXM,2021,10,7
1203.1,SYC,2021,10,7
139.5,SYR,2021,10,7
,TCA,2021,10,7
10.3,TCD,2021,10,7
28.5,TGO,2021,10,7
272.6,THA,2021,10,7
12.8,TJK,2021,10,7
,TKL,2021,10,7
90.8,TLS,2021,10,7
,TON,2021,10,7
1192.8,TTO,2021,10,7
2113.9,TUN,2021,10,7
825.6,TUR,2021,10,7
35.5,TWN,2021,10,7
11.8,TZA,2021,10,7
68.1,UGA,2021,10,7
1636.7,UKR,2021,10,7
1743.7,URY,2021,10,7
2238.9,USA,2021,10,7
38.8,UZB,2021,10,7
,VAT,2021,10,7
593.2,VCT,2021,10,7
169.3,VEN,2021,10,7
,VGB,2021,10,7
223.8,VNM,2021,10,7
3.2,VUT,2021,10,7
,WLF,2021,10,7
,WSM,2021,10,7
61.6,YEM,2021,10,7
1484.8,ZAF,2021,10,7
193.4,ZMB,2021,10,7
309.8,ZWE,2021,10,7
