value,year,feature_id,country_code,month
7.7,2010,5,AFG,
57.7,2010,5,ALB,
10.5,2010,5,DZA,
37.2,2010,5,AGO,
89.7,2010,5,ATG,
43.5,2010,5,ARG,
33.8,2010,5,ARM,
14.3,2010,5,AUS,
59.7,2010,5,AUT,
5.0,2010,5,AZE,
29.7,2010,5,BHR,
35.5,2010,5,BGD,
108.9,2010,5,BRB,
22.5,2010,5,BLR,
85.8,2010,5,BEL,
87.7,2010,5,BLZ,
21.0,2010,5,BEN,
61.0,2010,5,BTN,
40.8,2010,5,BIH,
21.4,2010,5,BWA,
61.3,2010,5,BRA,
1.1,2010,5,BRN,
21.4,2010,5,BGR,
27.8,2010,5,BFA,
46.9,2010,5,BDI,
72.5,2010,5,CPV,
14.7,2010,5,CMR,
43.3,2010,5,CAN,
19.9,2010,5,CAF,
30.1,2010,5,TCD,
8.6,2010,5,CHL,
29.5,2010,5,COL,
30.4,2010,5,COM,
28.4,2010,5,CRI,
56.5,2010,5,HRV,
92.7,2010,5,CYP,
38.2,2010,5,DNK,
27.9,2010,5,DJI,
67.3,2010,5,DMA,
27.1,2010,5,DOM,
17.8,2010,5,ECU,
49.9,2010,5,SLV,
7.9,2010,5,GNQ,
198.4,2010,5,ERI,
3.3,2010,5,EST,
14.1,2010,5,SWZ,
51.8,2010,5,FJI,
41.2,2010,5,FIN,
68.3,2010,5,FRA,
21.3,2010,5,GAB,
52.0,2010,5,DEU,
34.6,2010,5,GHA,
150.5,2010,5,GRC,
96.9,2010,5,GRD,
24.3,2010,5,GTM,
68.9,2010,5,GIN,
61.7,2010,5,GNB,
53.1,2010,5,GUY,
29.4,2010,5,HTI,
29.2,2010,5,HND,
75.6,2010,5,HUN,
85.2,2010,5,ISL,
44.7,2010,5,IND,
24.4,2010,5,IDN,
53.5,2010,5,IRQ,
89.7,2010,5,IRL,
69.2,2010,5,ISR,
112.5,2010,5,ITA,
143.7,2010,5,JAM,
167.4,2010,5,JPN,
59.4,2010,5,JOR,
10.2,2010,5,KAZ,
44.4,2010,5,KEN,
8.5,2010,5,KIR,
6.2,2010,5,KWT,
39.2,2010,5,LVA,
136.8,2010,5,LBN,
33.6,2010,5,LSO,
23.8,2010,5,LBR,
1.7,2010,5,LBY,
33.7,2010,5,LTU,
13.0,2010,5,LUX,
32.3,2010,5,MDG,
27.2,2010,5,MWI,
48.9,2010,5,MYS,
52.7,2010,5,MDV,
25.3,2010,5,MLI,
61.2,2010,5,MLT,
43.9,2010,5,MRT,
26.9,2010,5,MEX,
26.4,2010,5,MNG,
39.2,2010,5,MNE,
49.0,2010,5,MAR,
39.7,2010,5,MOZ,
52.2,2010,5,MMR,
16.3,2010,5,NAM,
34.0,2010,5,NPL,
29.7,2010,5,NZL,
30.3,2010,5,NIC,
15.0,2010,5,NER,
9.4,2010,5,NGA,
25.2,2010,5,NOR,
5.8,2010,5,OMN,
60.7,2010,5,PAK,
17.3,2010,5,PNG,
8.7,2010,5,PRY,
20.7,2010,5,PER,
48.6,2010,5,POL,
97.4,2010,5,PRT,
30.4,2010,5,QAT,
28.6,2010,5,ROU,
8.4,2010,5,RUS,
18.7,2010,5,RWA,
93.5,2010,5,KNA,
52.8,2010,5,LCA,
53.6,2010,5,VCT,
39.7,2010,5,WSM,
20.3,2010,5,SMR,
8.4,2010,5,SAU,
28.3,2010,5,SEN,
40.3,2010,5,SRB,
82.2,2010,5,SYC,
46.8,2010,5,SLE,
101.3,2010,5,SGP,
32.7,2010,5,SVN,
22.9,2010,5,SLB,
34.7,2010,5,ZAF,
51.4,2010,5,ESP,
71.6,2010,5,LKA,
74.6,2010,5,SDN,
18.5,2010,5,SUR,
40.9,2010,5,SWE,
17.1,2010,5,CHE,
27.8,2010,5,THA,
46.3,2010,5,TGO,
44.7,2010,5,TON,
19.6,2010,5,TTO,
39.2,2010,5,TUN,
40.6,2010,5,TUR,
4.0,2010,5,TKM,
27.6,2010,5,TUV,
18.4,2010,5,UGA,
40.0,2010,5,UKR,
73.6,2010,5,GBR,
73.9,2010,5,USA,
40.2,2010,5,URY,
19.4,2010,5,VUT,
42.4,2010,5,YEM,
18.9,2010,5,ZMB,
49.6,2010,5,ZWE,
7.5,2011,5,AFG,
59.4,2011,5,ALB,
9.3,2011,5,DZA,
29.6,2011,5,AGO,
91.8,2011,5,ATG,
38.9,2011,5,ARG,
35.7,2011,5,ARM,
17.0,2011,5,AUS,
59.1,2011,5,AUT,
5.0,2011,5,AZE,
32.8,2011,5,BHR,
36.6,2011,5,BGD,
112.3,2011,5,BRB,
46.9,2011,5,BLR,
88.5,2011,5,BEL,
82.7,2011,5,BLZ,
21.9,2011,5,BEN,
69.1,2011,5,BTN,
39.6,2011,5,BIH,
20.6,2011,5,BWA,
59.3,2011,5,BRA,
2.1,2011,5,BRN,
20.6,2011,5,BGR,
24.5,2011,5,BFA,
42.7,2011,5,BDI,
78.5,2011,5,CPV,
15.7,2011,5,CMR,
44.2,2011,5,CAN,
19.7,2011,5,CAF,
30.6,2011,5,TCD,
11.1,2011,5,CHL,
29.1,2011,5,COL,
27.3,2011,5,COM,
29.9,2011,5,CRI,
63.1,2011,5,HRV,
103.2,2011,5,CYP,
41.0,2011,5,DNK,
25.7,2011,5,DJI,
68.6,2011,5,DMA,
28.3,2011,5,DOM,
17.3,2011,5,ECU,
48.1,2011,5,SLV,
7.2,2011,5,GNQ,
160.8,2011,5,ERI,
3.3,2011,5,EST,
14.7,2011,5,SWZ,
48.6,2011,5,FJI,
42.5,2011,5,FIN,
69.6,2011,5,FRA,
21.4,2011,5,GAB,
49.9,2011,5,DEU,
31.4,2011,5,GHA,
177.7,2011,5,GRC,
100.7,2011,5,GRD,
24.0,2011,5,GTM,
58.1,2011,5,GIN,
46.1,2011,5,GNB,
51.7,2011,5,GUY,
23.7,2011,5,HTI,
31.6,2011,5,HND,
76.1,2011,5,HUN,
90.9,2011,5,ISL,
45.8,2011,5,IND,
23.1,2011,5,IDN,
40.7,2011,5,IRQ,
114.9,2011,5,IRL,
67.5,2011,5,ISR,
113.2,2011,5,ITA,
141.7,2011,5,JAM,
180.1,2011,5,JPN,
62.1,2011,5,JOR,
9.7,2011,5,KAZ,
43.0,2011,5,KEN,
8.0,2011,5,KIR,
4.6,2011,5,KWT,
36.5,2011,5,LVA,
134.4,2011,5,LBN,
35.8,2011,5,LSO,
20.9,2011,5,LBR,
11.8,2011,5,LBY,
34.1,2011,5,LTU,
12.1,2011,5,LUX,
29.9,2011,5,MDG,
28.1,2011,5,MWI,
49.3,2011,5,MYS,
51.9,2011,5,MDV,
24.0,2011,5,MLI,
64.8,2011,5,MLT,
38.8,2011,5,MRT,
27.7,2011,5,MEX,
29.3,2011,5,MNG,
43.0,2011,5,MNE,
52.5,2011,5,MAR,
34.7,2011,5,MOZ,
47.7,2011,5,MMR,
27.4,2011,5,NAM,
31.7,2011,5,NPL,
34.7,2011,5,NZL,
28.8,2011,5,NIC,
14.7,2011,5,NER,
10.2,2011,5,NGA,
20.0,2011,5,NOR,
5.2,2011,5,OMN,
59.0,2011,5,PAK,
16.3,2011,5,PNG,
7.4,2011,5,PRY,
18.4,2011,5,PER,
49.2,2011,5,POL,
112.0,2011,5,PRT,
33.5,2011,5,QAT,
33.0,2011,5,ROU,
8.9,2011,5,RUS,
18.6,2011,5,RWA,
87.8,2011,5,KNA,
54.9,2011,5,LCA,
57.0,2011,5,VCT,
42.2,2011,5,WSM,
19.5,2011,5,SMR,
5.4,2011,5,SAU,
32.7,2011,5,SEN,
42.7,2011,5,SRB,
82.5,2011,5,SYC,
44.8,2011,5,SLE,
104.5,2011,5,SGP,
40.9,2011,5,SVN,
18.3,2011,5,SLB,
38.2,2011,5,ZAF,
58.6,2011,5,ESP,
71.1,2011,5,LKA,
78.1,2011,5,SDN,
20.1,2011,5,SUR,
39.7,2011,5,SWE,
16.8,2011,5,CHE,
27.3,2011,5,THA,
47.3,2011,5,TGO,
51.9,2011,5,TON,
28.0,2011,5,TTO,
43.1,2011,5,TUN,
36.9,2011,5,TUR,
10.0,2011,5,TKM,
24.4,2011,5,TUV,
18.0,2011,5,UGA,
36.4,2011,5,UKR,
79.1,2011,5,GBR,
78.8,2011,5,USA,
39.9,2011,5,URY,
20.7,2011,5,VUT,
45.7,2011,5,YEM,
20.8,2011,5,ZMB,
41.4,2011,5,ZWE,
6.8,2012,5,AFG,
62.1,2012,5,ALB,
9.3,2012,5,DZA,
26.7,2012,5,AGO,
87.5,2012,5,ATG,
40.4,2012,5,ARG,
35.6,2012,5,ARM,
19.2,2012,5,AUS,
59.5,2012,5,AUT,
5.8,2012,5,AZE,
36.2,2012,5,BHR,
36.2,2012,5,BGD,
124.1,2012,5,BRB,
30.3,2012,5,BLR,
89.0,2012,5,BEL,
79.4,2012,5,BLZ,
19.5,2012,5,BEN,
79.3,2012,5,BTN,
42.2,2012,5,BIH,
19.8,2012,5,BWA,
59.8,2012,5,BRA,
2.1,2012,5,BRN,
21.7,2012,5,BGR,
25.2,2012,5,BFA,
41.4,2012,5,BDI,
91.1,2012,5,CPV,
15.4,2012,5,CMR,
45.3,2012,5,CAN,
31.5,2012,5,CAF,
28.8,2012,5,TCD,
11.9,2012,5,CHL,
27.3,2012,5,COL,
25.0,2012,5,COM,
34.3,2012,5,CRI,
68.9,2012,5,HRV,
119.4,2012,5,CYP,
40.0,2012,5,DNK,
25.1,2012,5,DJI,
74.0,2012,5,DMA,
31.5,2012,5,DOM,
20.1,2012,5,ECU,
51.3,2012,5,SLV,
7.1,2012,5,GNQ,
154.6,2012,5,ERI,
10.8,2012,5,EST,
14.8,2012,5,SWZ,
47.7,2012,5,FJI,
46.1,2012,5,FIN,
72.0,2012,5,FRA,
21.4,2012,5,GAB,
50.5,2012,5,DEU,
35.6,2012,5,GHA,
159.8,2012,5,GRC,
103.3,2012,5,GRD,
24.8,2012,5,GTM,
27.2,2012,5,GIN,
47.3,2012,5,GNB,
44.7,2012,5,GUY,
27.6,2012,5,HTI,
35.3,2012,5,HND,
74.2,2012,5,HUN,
89.4,2012,5,ISL,
47.1,2012,5,IND,
23.0,2012,5,IDN,
34.8,2012,5,IRQ,
123.8,2012,5,IRL,
67.2,2012,5,ISR,
120.0,2012,5,ITA,
146.7,2012,5,JAM,
187.1,2012,5,JPN,
70.5,2012,5,JOR,
11.7,2012,5,KAZ,
43.9,2012,5,KEN,
7.4,2012,5,KIR,
3.6,2012,5,KWT,
35.9,2012,5,LVA,
131.0,2012,5,LBN,
39.0,2012,5,LSO,
19.1,2012,5,LBR,
2.4,2012,5,LBY,
36.8,2012,5,LTU,
14.1,2012,5,LUX,
30.4,2012,5,MDG,
40.3,2012,5,MWI,
50.9,2012,5,MYS,
57.1,2012,5,MDV,
25.4,2012,5,MLI,
63.1,2012,5,MLT,
39.3,2012,5,MRT,
28.2,2012,5,MEX,
45.7,2012,5,MNG,
53.4,2012,5,MNE,
56.5,2012,5,MAR,
37.4,2012,5,MOZ,
36.9,2012,5,MMR,
24.6,2012,5,NAM,
34.3,2012,5,NPL,
35.7,2012,5,NZL,
27.9,2012,5,NIC,
18.1,2012,5,NER,
10.4,2012,5,NGA,
20.8,2012,5,NOR,
4.9,2012,5,OMN,
63.4,2012,5,PAK,
19.1,2012,5,PNG,
9.1,2012,5,PRY,
16.9,2012,5,PER,
48.7,2012,5,POL,
128.1,2012,5,PRT,
32.1,2012,5,QAT,
35.7,2012,5,ROU,
9.6,2012,5,RUS,
19.0,2012,5,RWA,
84.3,2012,5,KNA,
60.5,2012,5,LCA,
60.9,2012,5,VCT,
51.8,2012,5,WSM,
23.3,2012,5,SMR,
3.0,2012,5,SAU,
34.2,2012,5,SEN,
53.2,2012,5,SRB,
80.1,2012,5,SYC,
36.8,2012,5,SLE,
107.5,2012,5,SGP,
46.4,2012,5,SVN,
15.1,2012,5,SLB,
41.0,2012,5,ZAF,
73.8,2012,5,ESP,
69.6,2012,5,LKA,
117.7,2012,5,SDN,
21.5,2012,5,SUR,
40.5,2012,5,SWE,
16.8,2012,5,CHE,
28.5,2012,5,THA,
48.0,2012,5,TGO,
54.4,2012,5,TON,
24.6,2012,5,TTO,
47.7,2012,5,TUN,
33.7,2012,5,TUR,
18.1,2012,5,TKM,
27.8,2012,5,TUV,
19.5,2012,5,UGA,
36.7,2012,5,UKR,
82.3,2012,5,GBR,
83.1,2012,5,USA,
38.8,2012,5,URY,
18.4,2012,5,VUT,
47.3,2012,5,YEM,
25.4,2012,5,ZMB,
37.2,2012,5,ZWE,
6.9,2013,5,AFG,
65.5,2013,5,ALB,
7.6,2013,5,DZA,
33.1,2013,5,AGO,
95.8,2013,5,ATG,
43.5,2013,5,ARG,
36.3,2013,5,ARM,
21.3,2013,5,AUS,
59.9,2013,5,AUT,
6.2,2013,5,AZE,
43.9,2013,5,BHR,
35.8,2013,5,BGD,
135.3,2013,5,BRB,
30.8,2013,5,BLR,
89.6,2013,5,BEL,
80.6,2013,5,BLZ,
18.5,2013,5,BEN,
102.3,2013,5,BTN,
42.5,2013,5,BIH,
18.1,2013,5,BWA,
57.2,2013,5,BRA,
2.2,2013,5,BRN,
22.1,2013,5,BGR,
25.9,2013,5,BFA,
36.1,2013,5,BDI,
102.5,2013,5,CPV,
18.2,2013,5,CMR,
41.6,2013,5,CAN,
51.8,2013,5,CAF,
30.6,2013,5,TCD,
12.7,2013,5,CHL,
29.6,2013,5,COL,
10.5,2013,5,COM,
35.9,2013,5,CRI,
79.8,2013,5,HRV,
146.3,2013,5,CYP,
38.4,2013,5,DNK,
24.6,2013,5,DJI,
75.0,2013,5,DMA,
36.8,2013,5,DOM,
22.9,2013,5,ECU,
49.2,2013,5,SLV,
6.3,2013,5,GNQ,
187.0,2013,5,ERI,
11.0,2013,5,EST,
15.0,2013,5,SWZ,
45.8,2013,5,FJI,
48.0,2013,5,FIN,
74.7,2013,5,FRA,
31.1,2013,5,GAB,
49.4,2013,5,DEU,
43.2,2013,5,GHA,
178.0,2013,5,GRC,
108.1,2013,5,GRD,
25.2,2013,5,GTM,
34.0,2013,5,GIN,
50.8,2013,5,GNB,
41.4,2013,5,GUY,
31.0,2013,5,HTI,
43.1,2013,5,HND,
74.7,2013,5,HUN,
81.3,2013,5,ISL,
47.0,2013,5,IND,
24.9,2013,5,IDN,
32.0,2013,5,IRQ,
123.7,2013,5,IRL,
65.9,2013,5,ISR,
126.3,2013,5,ITA,
141.7,2013,5,JAM,
191.3,2013,5,JPN,
75.6,2013,5,JOR,
12.2,2013,5,KAZ,
44.0,2013,5,KEN,
8.3,2013,5,KIR,
3.1,2013,5,KWT,
35.5,2013,5,LVA,
135.3,2013,5,LBN,
40.3,2013,5,LSO,
19.4,2013,5,LBR,
4.2,2013,5,LBY,
35.8,2013,5,LTU,
15.7,2013,5,LUX,
36.2,2013,5,MDG,
50.6,2013,5,MWI,
52.3,2013,5,MYS,
55.9,2013,5,MDV,
26.4,2013,5,MLI,
62.7,2013,5,MLT,
40.0,2013,5,MRT,
30.8,2013,5,MEX,
51.3,2013,5,MNG,
57.5,2013,5,MNE,
61.7,2013,5,MAR,
50.1,2013,5,MOZ,
36.5,2013,5,MMR,
26.0,2013,5,NAM,
32.2,2013,5,NPL,
34.6,2013,5,NZL,
28.8,2013,5,NIC,
19.5,2013,5,NER,
10.5,2013,5,NGA,
19.7,2013,5,NOR,
5.0,2013,5,OMN,
64.5,2013,5,PAK,
24.9,2013,5,PNG,
10.3,2013,5,PRY,
16.1,2013,5,PER,
50.6,2013,5,POL,
131.0,2013,5,PRT,
30.9,2013,5,QAT,
36.4,2013,5,ROU,
11.1,2013,5,RUS,
26.0,2013,5,RWA,
58.5,2013,5,KNA,
61.9,2013,5,LCA,
63.2,2013,5,VCT,
56.0,2013,5,WSM,
35.0,2013,5,SMR,
2.1,2013,5,SAU,
36.8,2013,5,SEN,
56.3,2013,5,SRB,
68.2,2013,5,SYC,
30.6,2013,5,SLE,
99.0,2013,5,SGP,
60.3,2013,5,SVN,
13.5,2013,5,SLB,
44.1,2013,5,ZAF,
83.3,2013,5,ESP,
71.8,2013,5,LKA,
105.8,2013,5,SDN,
29.9,2013,5,SUR,
43.1,2013,5,SWE,
16.4,2013,5,CHE,
29.6,2013,5,THA,
0.5,2013,5,TLS,
57.2,2013,5,TGO,
49.0,2013,5,TON,
24.4,2013,5,TTO,
46.8,2013,5,TUN,
32.1,2013,5,TUR,
20.0,2013,5,TKM,
27.6,2013,5,TUV,
22.1,2013,5,UGA,
39.9,2013,5,UKR,
83.3,2013,5,GBR,
85.4,2013,5,USA,
38.9,2013,5,URY,
17.6,2013,5,VUT,
48.2,2013,5,YEM,
27.1,2013,5,ZMB,
38.6,2013,5,ZWE,
8.7,2014,5,AFG,
70.0,2014,5,ALB,
7.7,2014,5,DZA,
39.8,2014,5,AGO,
104.6,2014,5,ATG,
44.7,2014,5,ARG,
39.4,2014,5,ARM,
24.6,2014,5,AUS,
58.9,2014,5,AUT,
8.5,2014,5,AZE,
44.4,2014,5,BHR,
35.3,2014,5,BGD,
139.4,2014,5,BRB,
32.9,2014,5,BLR,
90.0,2014,5,BEL,
79.0,2014,5,BLZ,
22.3,2014,5,BEN,
98.8,2014,5,BTN,
45.9,2014,5,BIH,
17.4,2014,5,BWA,
58.5,2014,5,BRA,
3.2,2014,5,BRN,
32.6,2014,5,BGR,
26.6,2014,5,BFA,
36.2,2014,5,BDI,
115.9,2014,5,CPV,
21.5,2014,5,CMR,
39.9,2014,5,CAN,
62.2,2014,5,CAF,
39.5,2014,5,TCD,
15.0,2014,5,CHL,
32.9,2014,5,COL,
13.5,2014,5,COM,
38.5,2014,5,CRI,
83.1,2014,5,HRV,
152.8,2014,5,CYP,
38.2,2014,5,DNK,
26.9,2014,5,DJI,
79.9,2014,5,DMA,
35.3,2014,5,DOM,
27.5,2014,5,ECU,
49.6,2014,5,SLV,
12.6,2014,5,GNQ,
136.6,2014,5,ERI,
11.2,2014,5,EST,
14.1,2014,5,SWZ,
44.5,2014,5,FJI,
50.6,2014,5,FIN,
76.0,2014,5,FRA,
34.1,2014,5,GAB,
47.7,2014,5,DEU,
51.2,2014,5,GHA,
181.4,2014,5,GRC,
101.8,2014,5,GRD,
24.8,2014,5,GTM,
35.1,2014,5,GIN,
57.5,2014,5,GNB,
38.7,2014,5,GUY,
35.5,2014,5,HTI,
44.4,2014,5,HND,
75.3,2014,5,HUN,
78.7,2014,5,ISL,
46.0,2014,5,IND,
24.7,2014,5,IDN,
32.9,2014,5,IRQ,
108.5,2014,5,IRL,
64.6,2014,5,ISR,
129.8,2014,5,ITA,
140.3,2014,5,JAM,
194.8,2014,5,JPN,
75.0,2014,5,JOR,
14.1,2014,5,KAZ,
42.9,2014,5,KEN,
8.7,2014,5,KIR,
3.4,2014,5,KWT,
38.1,2014,5,LVA,
138.3,2014,5,LBN,
40.6,2014,5,LSO,
23.5,2014,5,LBR,
80.4,2014,5,LBY,
37.7,2014,5,LTU,
15.0,2014,5,LUX,
37.8,2014,5,MDG,
47.8,2014,5,MWI,
51.9,2014,5,MYS,
55.1,2014,5,MDV,
26.9,2014,5,MLI,
58.6,2014,5,MLT,
48.5,2014,5,MRT,
32.6,2014,5,MEX,
56.8,2014,5,MNG,
56.2,2014,5,MNE,
63.3,2014,5,MAR,
64.3,2014,5,MOZ,
35.2,2014,5,MMR,
27.6,2014,5,NAM,
28.2,2014,5,NPL,
34.2,2014,5,NZL,
28.7,2014,5,NIC,
22.0,2014,5,NER,
10.6,2014,5,NGA,
15.5,2014,5,NOR,
4.9,2014,5,OMN,
63.5,2014,5,PAK,
26.9,2014,5,PNG,
12.5,2014,5,PRY,
17.1,2014,5,PER,
45.3,2014,5,POL,
133.5,2014,5,PRT,
24.9,2014,5,QAT,
38.3,2014,5,ROU,
13.8,2014,5,RUS,
28.2,2014,5,RWA,
46.7,2014,5,KNA,
62.2,2014,5,LCA,
68.6,2014,5,VCT,
57.8,2014,5,WSM,
32.9,2014,5,SMR,
1.6,2014,5,SAU,
42.4,2014,5,SEN,
66.4,2014,5,SRB,
72.7,2014,5,SYC,
35.1,2014,5,SLE,
99.3,2014,5,SGP,
69.1,2014,5,SVN,
10.5,2014,5,SLB,
47.0,2014,5,ZAF,
87.3,2014,5,ESP,
72.2,2014,5,LKA,
84.4,2014,5,SDN,
27.2,2014,5,SUR,
45.8,2014,5,SWE,
15.8,2014,5,CHE,
29.9,2014,5,THA,
1.5,2014,5,TLS,
62.8,2014,5,TGO,
47.5,2014,5,TON,
23.4,2014,5,TTO,
51.5,2014,5,TUN,
29.8,2014,5,TUR,
16.8,2014,5,TKM,
65.4,2014,5,TUV,
24.8,2014,5,UGA,
69.4,2014,5,UKR,
85.3,2014,5,GBR,
86.0,2014,5,USA,
39.7,2014,5,URY,
18.8,2014,5,VUT,
48.7,2014,5,YEM,
36.1,2014,5,ZMB,
40.3,2014,5,ZWE,
9.2,2015,5,AFG,
72.7,2015,5,ALB,
8.7,2015,5,DZA,
57.1,2015,5,AGO,
100.3,2015,5,ATG,
52.6,2015,5,ARG,
44.1,2015,5,ARM,
28.4,2015,5,AUS,
57.8,2015,5,AUT,
18.0,2015,5,AZE,
66.4,2015,5,BHR,
33.7,2015,5,BGD,
147.9,2015,5,BRB,
46.9,2015,5,BLR,
88.8,2015,5,BEL,
82.6,2015,5,BLZ,
30.9,2015,5,BEN,
98.6,2015,5,BTN,
45.5,2015,5,BIH,
17.9,2015,5,BWA,
67.5,2015,5,BRA,
3.0,2015,5,BRN,
30.7,2015,5,BGR,
31.4,2015,5,BFA,
38.1,2015,5,BDI,
126.6,2015,5,CPV,
25.9,2015,5,CMR,
42.5,2015,5,CAN,
59.8,2015,5,CAF,
43.9,2015,5,TCD,
17.3,2015,5,CHL,
37.3,2015,5,COL,
14.6,2015,5,COM,
41.0,2015,5,CRI,
82.8,2015,5,HRV,
149.9,2015,5,CYP,
33.4,2015,5,DNK,
40.2,2015,5,DJI,
77.7,2015,5,DMA,
33.3,2015,5,DOM,
30.9,2015,5,ECU,
49.7,2015,5,SLV,
31.7,2015,5,GNQ,
180.7,2015,5,ERI,
10.9,2015,5,EST,
18.1,2015,5,SWZ,
43.0,2015,5,FJI,
53.0,2015,5,FIN,
76.6,2015,5,FRA,
44.7,2015,5,GAB,
45.3,2015,5,DEU,
54.8,2015,5,GHA,
181.3,2015,5,GRC,
90.1,2015,5,GRD,
24.9,2015,5,GTM,
41.9,2015,5,GIN,
54.1,2015,5,GNB,
37.4,2015,5,GUY,
38.5,2015,5,HTI,
44.3,2015,5,HND,
74.1,2015,5,HUN,
64.7,2015,5,ISL,
45.8,2015,5,IND,
27.5,2015,5,IDN,
56.8,2015,5,IRQ,
80.0,2015,5,IRL,
62.3,2015,5,ISR,
130.0,2015,5,ITA,
124.0,2015,5,JAM,
192.3,2015,5,JPN,
78.4,2015,5,JOR,
21.2,2015,5,KAZ,
48.6,2015,5,KEN,
19.9,2015,5,KIR,
4.7,2015,5,KWT,
34.4,2015,5,LVA,
140.8,2015,5,LBN,
45.2,2015,5,LSO,
25.8,2015,5,LBR,
189.3,2015,5,LBY,
39.8,2015,5,LTU,
14.4,2015,5,LUX,
44.1,2015,5,MDG,
54.4,2015,5,MWI,
53.6,2015,5,MYS,
53.4,2015,5,MDV,
30.7,2015,5,MLI,
53.4,2015,5,MLT,
58.7,2015,5,MRT,
35.0,2015,5,MEX,
62.3,2015,5,MNG,
62.3,2015,5,MNE,
63.7,2015,5,MAR,
87.4,2015,5,MOZ,
36.3,2015,5,MMR,
41.7,2015,5,NAM,
25.6,2015,5,NPL,
34.3,2015,5,NZL,
28.9,2015,5,NIC,
29.9,2015,5,NER,
11.5,2015,5,NGA,
15.5,2015,5,NOR,
15.5,2015,5,OMN,
63.3,2015,5,PAK,
29.9,2015,5,PNG,
14.8,2015,5,PRY,
20.2,2015,5,PER,
46.4,2015,5,POL,
132.0,2015,5,PRT,
35.5,2015,5,QAT,
37.4,2015,5,ROU,
14.1,2015,5,RUS,
32.2,2015,5,RWA,
38.6,2015,5,KNA,
61.0,2015,5,LCA,
67.6,2015,5,VCT,
58.9,2015,5,WSM,
33.5,2015,5,SMR,
5.8,2015,5,SAU,
44.5,2015,5,SEN,
70.0,2015,5,SRB,
67.0,2015,5,SYC,
45.7,2015,5,SLE,
103.0,2015,5,SGP,
70.2,2015,5,SVN,
9.0,2015,5,SLB,
49.3,2015,5,ZAF,
87.2,2015,5,ESP,
78.5,2015,5,LKA,
92.2,2015,5,SDN,
44.3,2015,5,SUR,
44.5,2015,5,SWE,
15.0,2015,5,CHE,
32.1,2015,5,THA,
2.9,2015,5,TLS,
72.1,2015,5,TGO,
51.2,2015,5,TON,
28.0,2015,5,TTO,
55.4,2015,5,TUN,
28.8,2015,5,TUR,
22.1,2015,5,TKM,
57.6,2015,5,TUV,
28.8,2015,5,UGA,
79.3,2015,5,UKR,
86.0,2015,5,GBR,
86.8,2015,5,USA,
47.7,2015,5,URY,
36.0,2015,5,VUT,
57.0,2015,5,YEM,
65.6,2015,5,ZMB,
41.8,2015,5,ZWE,
8.4,2016,5,AFG,
72.5,2016,5,ALB,
20.5,2016,5,DZA,
75.7,2016,5,AGO,
87.6,2016,5,ATG,
53.1,2016,5,ARG,
51.9,2016,5,ARM,
31.5,2016,5,AUS,
58.1,2016,5,AUT,
20.6,2016,5,AZE,
81.3,2016,5,BHR,
33.3,2016,5,BGD,
150.6,2016,5,BRB,
47.1,2016,5,BLR,
89.1,2016,5,BEL,
91.3,2016,5,BLZ,
35.9,2016,5,BEN,
117.3,2016,5,BTN,
44.1,2016,5,BIH,
15.8,2016,5,BWA,
73.4,2016,5,BRA,
3.0,2016,5,BRN,
34.8,2016,5,BGR,
33.3,2016,5,BFA,
44.0,2016,5,BDI,
128.4,2016,5,CPV,
27.1,2016,5,CMR,
41.6,2016,5,CAN,
53.9,2016,5,CAF,
51.3,2016,5,TCD,
21.0,2016,5,CHL,
37.4,2016,5,COL,
17.2,2016,5,COM,
45.1,2016,5,CRI,
79.4,2016,5,HRV,
143.4,2016,5,CYP,
30.7,2016,5,DNK,
45.9,2016,5,DJI,
73.0,2016,5,DMA,
34.5,2016,5,DOM,
35.6,2016,5,ECU,
49.6,2016,5,SLV,
41.1,2016,5,GNQ,
167.5,2016,5,ERI,
11.0,2016,5,EST,
23.4,2016,5,SWZ,
44.0,2016,5,FJI,
52.8,2016,5,FIN,
78.9,2016,5,FRA,
64.2,2016,5,GAB,
43.6,2016,5,DEU,
57.1,2016,5,GHA,
184.9,2016,5,GRC,
81.6,2016,5,GRD,
25.0,2016,5,GTM,
42.5,2016,5,GIN,
57.0,2016,5,GNB,
39.6,2016,5,GUY,
40.3,2016,5,HTI,
46.0,2016,5,HND,
74.0,2016,5,HUN,
53.5,2016,5,ISL,
45.5,2016,5,IND,
28.3,2016,5,IDN,
64.3,2016,5,IRQ,
77.3,2016,5,IRL,
60.5,2016,5,ISR,
129.9,2016,5,ITA,
115.4,2016,5,JAM,
197.8,2016,5,JPN,
77.4,2016,5,JOR,
18.9,2016,5,KAZ,
50.5,2016,5,KEN,
21.9,2016,5,KIR,
10.0,2016,5,KWT,
38.7,2016,5,LVA,
146.2,2016,5,LBN,
39.5,2016,5,LSO,
28.2,2016,5,LBR,
192.8,2016,5,LBY,
37.4,2016,5,LTU,
13.1,2016,5,LUX,
40.3,2016,5,MDG,
55.1,2016,5,MWI,
51.9,2016,5,MYS,
57.7,2016,5,MDV,
36.0,2016,5,MLI,
52.0,2016,5,MLT,
56.6,2016,5,MRT,
37.0,2016,5,MEX,
78.8,2016,5,MNG,
60.8,2016,5,MNE,
64.9,2016,5,MAR,
119.9,2016,5,MOZ,
38.3,2016,5,MMR,
45.7,2016,5,NAM,
27.9,2016,5,NPL,
33.5,2016,5,NZL,
30.9,2016,5,NIC,
32.8,2016,5,NER,
14.2,2016,5,NGA,
16.6,2016,5,NOR,
32.7,2016,5,OMN,
67.6,2016,5,PAK,
33.7,2016,5,PNG,
15.5,2016,5,PRY,
21.2,2016,5,PER,
49.9,2016,5,POL,
132.9,2016,5,PRT,
46.7,2016,5,QAT,
37.6,2016,5,ROU,
13.8,2016,5,RUS,
36.4,2016,5,RWA,
34.9,2016,5,KNA,
61.4,2016,5,LCA,
68.4,2016,5,VCT,
51.7,2016,5,WSM,
35.2,2016,5,SMR,
13.1,2016,5,SAU,
47.5,2016,5,SEN,
67.9,2016,5,SRB,
69.1,2016,5,SYC,
60.7,2016,5,SLE,
108.9,2016,5,SGP,
67.2,2016,5,SVN,
7.1,2016,5,SLB,
51.5,2016,5,ZAF,
86.9,2016,5,ESP,
79.0,2016,5,LKA,
127.9,2016,5,SDN,
76.9,2016,5,SUR,
42.8,2016,5,SWE,
14.0,2016,5,CHE,
30.6,2016,5,THA,
4.7,2016,5,TLS,
81.4,2016,5,TGO,
49.4,2016,5,TON,
37.8,2016,5,TTO,
62.3,2016,5,TUN,
28.9,2016,5,TUR,
25.1,2016,5,TKM,
43.6,2016,5,TUV,
31.2,2016,5,UGA,
80.9,2016,5,UKR,
85.7,2016,5,GBR,
89.1,2016,5,USA,
47.1,2016,5,URY,
42.3,2016,5,VUT,
72.3,2016,5,YEM,
60.6,2016,5,ZMB,
54.2,2016,5,ZWE,
8.0,2017,5,AFG,
70.1,2017,5,ALB,
27.3,2017,5,DZA,
69.3,2017,5,AGO,
92.3,2017,5,ATG,
57.0,2017,5,ARG,
53.7,2017,5,ARM,
32.3,2017,5,AUS,
57.0,2017,5,AUT,
22.5,2017,5,AZE,
88.1,2017,5,BHR,
33.4,2017,5,BGD,
159.1,2017,5,BRB,
47.2,2017,5,BLR,
86.8,2017,5,BEL,
104.4,2017,5,BLZ,
39.6,2017,5,BEN,
111.7,2017,5,BTN,
39.2,2017,5,BIH,
13.6,2017,5,BWA,
78.6,2017,5,BRA,
2.8,2017,5,BRN,
30.9,2017,5,BGR,
33.5,2017,5,BFA,
44.7,2017,5,BDI,
127.2,2017,5,CPV,
30.6,2017,5,CMR,
39.3,2017,5,CAN,
50.3,2017,5,CAF,
50.3,2017,5,TCD,
23.6,2017,5,CHL,
38.3,2017,5,COL,
18.4,2017,5,COM,
48.4,2017,5,CRI,
76.5,2017,5,HRV,
132.9,2017,5,CYP,
29.5,2017,5,DNK,
48.2,2017,5,DJI,
84.6,2017,5,DMA,
36.1,2017,5,DOM,
41.3,2017,5,ECU,
48.7,2017,5,SLV,
36.2,2017,5,GNQ,
202.5,2017,5,ERI,
10.2,2017,5,EST,
25.4,2017,5,SWZ,
43.7,2017,5,FJI,
51.0,2017,5,FIN,
79.7,2017,5,FRA,
62.9,2017,5,GAB,
41.4,2017,5,DEU,
58.3,2017,5,GHA,
182.4,2017,5,GRC,
70.1,2017,5,GRD,
25.2,2017,5,GTM,
40.5,2017,5,GIN,
50.7,2017,5,GNB,
38.9,2017,5,GUY,
38.0,2017,5,HTI,
47.5,2017,5,HND,
72.1,2017,5,HUN,
43.4,2017,5,ISL,
44.3,2017,5,IND,
29.4,2017,5,IDN,
58.9,2017,5,IRQ,
70.5,2017,5,IRL,
58.9,2017,5,ISR,
129.5,2017,5,ITA,
103.0,2017,5,JAM,
196.5,2017,5,JPN,
76.0,2017,5,JOR,
18.7,2017,5,KAZ,
56.9,2017,5,KEN,
21.4,2017,5,KIR,
20.5,2017,5,KWT,
36.2,2017,5,LVA,
149.7,2017,5,LBN,
38.0,2017,5,LSO,
33.9,2017,5,LBR,
142.7,2017,5,LBY,
37.9,2017,5,LTU,
16.2,2017,5,LUX,
40.0,2017,5,MDG,
57.1,2017,5,MWI,
50.0,2017,5,MYS,
61.3,2017,5,MDV,
36.0,2017,5,MLI,
46.2,2017,5,MLT,
55.1,2017,5,MRT,
35.2,2017,5,MEX,
72.5,2017,5,MNG,
61.1,2017,5,MNE,
65.1,2017,5,MAR,
102.4,2017,5,MOZ,
38.5,2017,5,MMR,
44.1,2017,5,NAM,
26.1,2017,5,NPL,
31.3,2017,5,NZL,
34.1,2017,5,NIC,
39.5,2017,5,NER,
16.0,2017,5,NGA,
15.8,2017,5,NOR,
46.4,2017,5,OMN,
67.1,2017,5,PAK,
32.5,2017,5,PNG,
15.9,2017,5,PRY,
21.4,2017,5,PER,
46.7,2017,5,POL,
128.8,2017,5,PRT,
51.6,2017,5,QAT,
35.8,2017,5,ROU,
13.5,2017,5,RUS,
41.3,2017,5,RWA,
33.9,2017,5,KNA,
60.4,2017,5,LCA,
61.8,2017,5,VCT,
49.7,2017,5,WSM,
76.6,2017,5,SMR,
17.2,2017,5,SAU,
61.1,2017,5,SEN,
57.9,2017,5,SRB,
62.3,2017,5,SYC,
69.2,2017,5,SLE,
109.5,2017,5,SGP,
66.9,2017,5,SVN,
8.4,2017,5,SLB,
53.0,2017,5,ZAF,
87.1,2017,5,ESP,
77.9,2017,5,LKA,
159.6,2017,5,SDN,
78.0,2017,5,SUR,
41.2,2017,5,SWE,
14.5,2017,5,CHE,
32.5,2017,5,THA,
6.6,2017,5,TLS,
76.0,2017,5,TGO,
45.6,2017,5,TON,
42.2,2017,5,TTO,
70.6,2017,5,TUN,
28.0,2017,5,TUR,
30.6,2017,5,TKM,
34.6,2017,5,TUV,
33.8,2017,5,UGA,
71.8,2017,5,UKR,
85.2,2017,5,GBR,
88.7,2017,5,USA,
47.5,2017,5,URY,
46.4,2017,5,VUT,
77.4,2017,5,YEM,
65.5,2017,5,ZMB,
54.4,2017,5,ZWE,
7.4,2018,5,AFG,
67.7,2018,5,ALB,
38.2,2018,5,DZA,
89.0,2018,5,AGO,
90.7,2018,5,ATG,
86.4,2018,5,ARG,
51.2,2018,5,ARM,
32.8,2018,5,AUS,
54.9,2018,5,AUT,
18.7,2018,5,AZE,
95.0,2018,5,BHR,
34.6,2018,5,BGD,
126.3,2018,5,BRB,
42.5,2018,5,BLR,
85.1,2018,5,BEL,
101.5,2018,5,BLZ,
41.1,2018,5,BEN,
110.5,2018,5,BTN,
34.3,2018,5,BIH,
14.3,2018,5,BWA,
81.7,2018,5,BRA,
2.6,2018,5,BRN,
27.5,2018,5,BGR,
37.7,2018,5,BFA,
50.5,2018,5,BDI,
125.6,2018,5,CPV,
34.2,2018,5,CMR,
36.8,2018,5,CAN,
50.0,2018,5,CAF,
49.1,2018,5,TCD,
25.6,2018,5,CHL,
43.3,2018,5,COL,
21.1,2018,5,COM,
53.2,2018,5,CRI,
73.2,2018,5,HRV,
140.1,2018,5,CYP,
27.5,2018,5,DNK,
46.5,2018,5,DJI,
82.8,2018,5,DMA,
36.8,2018,5,DOM,
43.0,2018,5,ECU,
48.0,2018,5,SLV,
39.2,2018,5,GNQ,
185.6,2018,5,ERI,
9.5,2018,5,EST,
34.4,2018,5,SWZ,
46.2,2018,5,FJI,
49.3,2018,5,FIN,
80.7,2018,5,FRA,
60.9,2018,5,GAB,
39.4,2018,5,DEU,
59.1,2018,5,GHA,
194.3,2018,5,GRC,
64.4,2018,5,GRD,
26.6,2018,5,GTM,
38.0,2018,5,GIN,
60.2,2018,5,GNB,
43.1,2018,5,GUY,
39.7,2018,5,HTI,
48.7,2018,5,HND,
70.4,2018,5,HUN,
37.6,2018,5,ISL,
44.0,2018,5,IND,
29.8,2018,5,IDN,
48.9,2018,5,IRQ,
70.3,2018,5,IRL,
59.3,2018,5,ISR,
130.4,2018,5,ITA,
95.7,2018,5,JAM,
199.2,2018,5,JPN,
75.1,2018,5,JOR,
18.9,2018,5,KAZ,
60.2,2018,5,KEN,
19.7,2018,5,KIR,
14.8,2018,5,KWT,
35.1,2018,5,LVA,
154.9,2018,5,LBN,
46.5,2018,5,LSO,
39.4,2018,5,LBR,
32.8,2018,5,LTU,
15.8,2018,5,LUX,
39.9,2018,5,MDG,
59.7,2018,5,MWI,
51.2,2018,5,MYS,
71.3,2018,5,MDV,
37.7,2018,5,MLI,
42.6,2018,5,MLT,
61.4,2018,5,MRT,
35.3,2018,5,MEX,
63.5,2018,5,MNG,
67.6,2018,5,MNE,
65.3,2018,5,MAR,
106.2,2018,5,MOZ,
40.4,2018,5,MMR,
49.9,2018,5,NAM,
30.2,2018,5,NPL,
28.5,2018,5,NZL,
37.5,2018,5,NIC,
38.9,2018,5,NER,
25.0,2018,5,NGA,
14.8,2018,5,NOR,
53.2,2018,5,OMN,
72.1,2018,5,PAK,
36.8,2018,5,PNG,
17.8,2018,5,PRY,
22.1,2018,5,PER,
45.0,2018,5,POL,
125.2,2018,5,PRT,
46.5,2018,5,QAT,
35.6,2018,5,ROU,
12.8,2018,5,RUS,
45.0,2018,5,RWA,
27.1,2018,5,KNA,
60.4,2018,5,LCA,
64.1,2018,5,VCT,
52.9,2018,5,WSM,
78.8,2018,5,SMR,
19.0,2018,5,SAU,
63.2,2018,5,SEN,
53.7,2018,5,SRB,
57.7,2018,5,SYC,
69.1,2018,5,SLE,
111.6,2018,5,SGP,
63.8,2018,5,SVN,
8.2,2018,5,SLB,
56.7,2018,5,ZAF,
87.1,2018,5,ESP,
83.8,2018,5,LKA,
185.6,2018,5,SDN,
75.6,2018,5,SUR,
39.8,2018,5,SWE,
13.2,2018,5,CHE,
33.9,2018,5,THA,
9.2,2018,5,TLS,
76.2,2018,5,TGO,
45.9,2018,5,TON,
41.6,2018,5,TTO,
78.2,2018,5,TUN,
28.4,2018,5,TUR,
31.4,2018,5,TKM,
25.3,2018,5,TUV,
35.1,2018,5,UGA,
60.9,2018,5,UKR,
84.7,2018,5,GBR,
90.4,2018,5,USA,
50.5,2018,5,URY,
48.1,2018,5,VUT,
74.5,2018,5,YEM,
77.2,2018,5,ZMB,
63.0,2018,5,ZWE,
6.1,2019,5,AFG,
66.3,2019,5,ALB,
46.3,2019,5,DZA,
109.2,2019,5,AGO,
84.5,2019,5,ATG,
90.4,2019,5,ARG,
49.9,2019,5,ARM,
34.8,2019,5,AUS,
52.4,2019,5,AUT,
17.7,2019,5,AZE,
103.4,2019,5,BHR,
35.8,2019,5,BGD,
118.8,2019,5,BRB,
38.4,2019,5,BLR,
83.8,2019,5,BEL,
105.1,2019,5,BLZ,
41.2,2019,5,BEN,
104.4,2019,5,BTN,
32.8,2019,5,BIH,
14.7,2019,5,BWA,
84.2,2019,5,BRA,
2.6,2019,5,BRN,
25.6,2019,5,BGR,
42.7,2019,5,BFA,
57.4,2019,5,BDI,
125.0,2019,5,CPV,
36.8,2019,5,CMR,
36.8,2019,5,CAN,
47.2,2019,5,CAF,
44.3,2019,5,TCD,
27.9,2019,5,CHL,
42.0,2019,5,COL,
25.2,2019,5,COM,
58.5,2019,5,CRI,
71.6,2019,5,HRV,
135.3,2019,5,CYP,
26.5,2019,5,DNK,
38.5,2019,5,DJI,
82.6,2019,5,DMA,
39.6,2019,5,DOM,
50.2,2019,5,ECU,
48.2,2019,5,SLV,
41.1,2019,5,GNQ,
189.4,2019,5,ERI,
9.6,2019,5,EST,
38.2,2019,5,SWZ,
49.0,2019,5,FJI,
49.1,2019,5,FIN,
81.5,2019,5,FRA,
62.4,2019,5,GAB,
37.7,2019,5,DEU,
62.8,2019,5,GHA,
189.9,2019,5,GRC,
59.1,2019,5,GRD,
26.6,2019,5,GTM,
34.5,2019,5,GIN,
67.6,2019,5,GNB,
39.8,2019,5,GUY,
47.7,2019,5,HTI,
48.7,2019,5,HND,
66.2,2019,5,HUN,
42.6,2019,5,ISL,
46.2,2019,5,IND,
30.2,2019,5,IDN,
46.9,2019,5,IRQ,
64.0,2019,5,IRL,
58.5,2019,5,ISR,
130.6,2019,5,ITA,
94.3,2019,5,JAM,
201.4,2019,5,JPN,
78.0,2019,5,JOR,
18.5,2019,5,KAZ,
62.1,2019,5,KEN,
18.3,2019,5,KIR,
11.8,2019,5,KWT,
35.5,2019,5,LVA,
174.5,2019,5,LBN,
46.5,2019,5,LSO,
53.3,2019,5,LBR,
35.3,2019,5,LTU,
16.7,2019,5,LUX,
38.4,2019,5,MDG,
59.5,2019,5,MWI,
52.5,2019,5,MYS,
78.0,2019,5,MDV,
40.5,2019,5,MLI,
39.8,2019,5,MLT,
58.1,2019,5,MRT,
36.4,2019,5,MEX,
60.0,2019,5,MNG,
63.7,2019,5,MNE,
65.8,2019,5,MAR,
104.4,2019,5,MOZ,
38.8,2019,5,MMR,
54.3,2019,5,NAM,
30.1,2019,5,NPL,
31.5,2019,5,NZL,
42.1,2019,5,NIC,
41.7,2019,5,NER,
26.5,2019,5,NGA,
14.4,2019,5,NOR,
63.1,2019,5,OMN,
85.6,2019,5,PAK,
40.1,2019,5,PNG,
21.1,2019,5,PRY,
23.2,2019,5,PER,
42.8,2019,5,POL,
120.7,2019,5,PRT,
56.2,2019,5,QAT,
35.9,2019,5,ROU,
13.1,2019,5,RUS,
51.4,2019,5,RWA,
25.0,2019,5,KNA,
61.3,2019,5,LCA,
67.7,2019,5,VCT,
47.5,2019,5,WSM,
85.7,2019,5,SMR,
22.8,2019,5,SAU,
64.1,2019,5,SEN,
52.0,2019,5,SRB,
55.3,2019,5,SYC,
70.0,2019,5,SLE,
129.3,2019,5,SGP,
59.5,2019,5,SVN,
8.9,2019,5,SLB,
62.2,2019,5,ZAF,
85.2,2019,5,ESP,
86.8,2019,5,LKA,
200.4,2019,5,SDN,
82.3,2019,5,SUR,
36.1,2019,5,SWE,
34.0,2019,5,THA,
11.9,2019,5,TLS,
70.9,2019,5,TGO,
41.3,2019,5,TON,
45.0,2019,5,TTO,
72.3,2019,5,TUN,
30.8,2019,5,TUR,
32.8,2019,5,TKM,
19.5,2019,5,TUV,
38.2,2019,5,UGA,
50.3,2019,5,UKR,
84.4,2019,5,GBR,
92.6,2019,5,USA,
53.9,2019,5,URY,
45.3,2019,5,VUT,
76.5,2019,5,YEM,
91.9,2019,5,ZMB,
50.1,2019,5,ZWE,
8.4,2010,4,AFG,
3.7,2010,4,ALB,
3.6,2010,4,DZA,
4.9,2010,4,AGO,
-7.6,2010,4,ATG,
10.1,2010,4,ARG,
2.2,2010,4,ARM,
-3.3,2010,4,ABW,
2.4,2010,4,AUS,
1.8,2010,4,AUT,
4.8,2010,4,AZE,
4.3,2010,4,BHR,
5.6,2010,4,BGD,
-2.3,2010,4,BRB,
7.8,2010,4,BLR,
2.9,2010,4,BEL,
4.3,2010,4,BLZ,
2.1,2010,4,BEN,
9.5,2010,4,BTN,
0.8,2010,4,BIH,
8.6,2010,4,BWA,
7.5,2010,4,BRA,
2.7,2010,4,BRN,
0.6,2010,4,BGR,
8.4,2010,4,BFA,
5.1,2010,4,BDI,
1.5,2010,4,CPV,
6.0,2010,4,KHM,
3.4,2010,4,CMR,
3.1,2010,4,CAN,
4.6,2010,4,CAF,
13.6,2010,4,TCD,
5.8,2010,4,CHL,
10.8,2010,4,CHN,
4.5,2010,4,COL,
3.8,2010,4,COM,
5.4,2010,4,CRI,
-1.3,2010,4,HRV,
2.0,2010,4,CYP,
1.9,2010,4,DNK,
4.1,2010,4,DJI,
0.7,2010,4,DMA,
8.3,2010,4,DOM,
3.5,2010,4,ECU,
5.1,2010,4,EGY,
2.1,2010,4,SLV,
-8.9,2010,4,GNQ,
10.9,2010,4,ERI,
2.7,2010,4,EST,
3.8,2010,4,SWZ,
10.6,2010,4,ETH,
3.0,2010,4,FJI,
3.2,2010,4,FIN,
1.9,2010,4,FRA,
6.3,2010,4,GAB,
6.2,2010,4,GEO,
4.2,2010,4,DEU,
7.8,2010,4,GHA,
-5.5,2010,4,GRC,
-0.5,2010,4,GRD,
2.8,2010,4,GTM,
4.2,2010,4,GIN,
5.6,2010,4,GNB,
4.4,2010,4,GUY,
-3.8,2010,4,HTI,
3.7,2010,4,HND,
1.1,2010,4,HUN,
-2.8,2010,4,ISL,
10.3,2010,4,IND,
6.4,2010,4,IDN,
6.4,2010,4,IRQ,
1.5,2010,4,IRL,
5.6,2010,4,ISR,
1.7,2010,4,ITA,
-1.4,2010,4,JAM,
4.1,2010,4,JPN,
2.3,2010,4,JOR,
7.3,2010,4,KAZ,
8.4,2010,4,KEN,
-0.9,2010,4,KIR,
-2.4,2010,4,KWT,
-4.4,2010,4,LVA,
8.0,2010,4,LBN,
5.1,2010,4,LSO,
6.4,2010,4,LBR,
3.2,2010,4,LBY,
1.7,2010,4,LTU,
4.9,2010,4,LUX,
0.6,2010,4,MDG,
6.9,2010,4,MWI,
7.5,2010,4,MYS,
7.3,2010,4,MDV,
5.4,2010,4,MLI,
5.5,2010,4,MLT,
6.8,2010,4,MHL,
2.6,2010,4,MRT,
4.4,2010,4,MUS,
5.1,2010,4,MEX,
7.3,2010,4,MNG,
2.7,2010,4,MNE,
3.8,2010,4,MAR,
6.5,2010,4,MOZ,
5.2,2010,4,MMR,
6.0,2010,4,NAM,
11.1,2010,4,NRU,
4.8,2010,4,NPL,
1.3,2010,4,NLD,
1.8,2010,4,NZL,
4.4,2010,4,NIC,
8.6,2010,4,NER,
11.3,2010,4,NGA,
0.7,2010,4,NOR,
2.0,2010,4,OMN,
2.6,2010,4,PAK,
0.1,2010,4,PLW,
5.8,2010,4,PAN,
10.1,2010,4,PNG,
11.1,2010,4,PRY,
8.5,2010,4,PER,
7.3,2010,4,PHL,
3.7,2010,4,POL,
1.7,2010,4,PRT,
-0.4,2010,4,PRI,
17.7,2010,4,QAT,
-3.9,2010,4,ROU,
4.5,2010,4,RUS,
7.3,2010,4,RWA,
-0.6,2010,4,KNA,
0.5,2010,4,LCA,
-3.4,2010,4,VCT,
2.6,2010,4,WSM,
-5.8,2010,4,SMR,
5.0,2010,4,SAU,
3.4,2010,4,SEN,
0.7,2010,4,SRB,
5.9,2010,4,SYC,
5.3,2010,4,SLE,
14.5,2010,4,SGP,
1.3,2010,4,SVN,
8.6,2010,4,SLB,
3.0,2010,4,ZAF,
0.2,2010,4,ESP,
8.0,2010,4,LKA,
3.9,2010,4,SDN,
5.2,2010,4,SUR,
6.0,2010,4,SWE,
3.2,2010,4,CHE,
6.5,2010,4,TJK,
7.5,2010,4,THA,
9.5,2010,4,TLS,
6.1,2010,4,TGO,
0.8,2010,4,TON,
3.5,2010,4,TTO,
3.5,2010,4,TUN,
8.4,2010,4,TUR,
9.2,2010,4,TKM,
-3.3,2010,4,TUV,
7.5,2010,4,UGA,
4.1,2010,4,UKR,
1.6,2010,4,ARE,
2.1,2010,4,GBR,
2.6,2010,4,USA,
7.8,2010,4,URY,
7.3,2010,4,UZB,
1.3,2010,4,VUT,
7.7,2010,4,YEM,
10.3,2010,4,ZMB,
19.7,2010,4,ZWE,
6.5,2011,4,AFG,
2.5,2011,4,ALB,
2.9,2011,4,DZA,
3.5,2011,4,AGO,
-2.0,2011,4,ATG,
6.0,2011,4,ARG,
4.7,2011,4,ARM,
3.5,2011,4,ABW,
2.8,2011,4,AUS,
2.9,2011,4,AUT,
-1.6,2011,4,AZE,
2.0,2011,4,BHR,
6.5,2011,4,BGD,
-0.7,2011,4,BRB,
5.3,2011,4,BLR,
1.7,2011,4,BEL,
1.9,2011,4,BLZ,
3.0,2011,4,BEN,
9.9,2011,4,BTN,
0.9,2011,4,BIH,
6.0,2011,4,BWA,
4.0,2011,4,BRA,
3.7,2011,4,BRN,
2.4,2011,4,BGR,
6.6,2011,4,BFA,
4.0,2011,4,BDI,
4.0,2011,4,CPV,
7.1,2011,4,KHM,
4.1,2011,4,CMR,
3.1,2011,4,CAN,
4.2,2011,4,CAF,
0.1,2011,4,TCD,
6.1,2011,4,CHL,
9.5,2011,4,CHN,
6.9,2011,4,COL,
4.1,2011,4,COM,
4.4,2011,4,CRI,
-0.2,2011,4,HRV,
0.4,2011,4,CYP,
1.3,2011,4,DNK,
7.3,2011,4,DJI,
-0.2,2011,4,DMA,
3.1,2011,4,DOM,
7.9,2011,4,ECU,
1.8,2011,4,EGY,
3.8,2011,4,SLV,
6.5,2011,4,GNQ,
25.7,2011,4,ERI,
7.4,2011,4,EST,
2.2,2011,4,SWZ,
11.4,2011,4,ETH,
2.7,2011,4,FJI,
2.5,2011,4,FIN,
2.2,2011,4,FRA,
7.1,2011,4,GAB,
7.4,2011,4,GEO,
3.9,2011,4,DEU,
14.2,2011,4,GHA,
-10.1,2011,4,GRC,
0.8,2011,4,GRD,
4.4,2011,4,GTM,
5.6,2011,4,GIN,
8.1,2011,4,GNB,
5.4,2011,4,GUY,
6.2,2011,4,HTI,
3.8,2011,4,HND,
1.9,2011,4,HUN,
1.8,2011,4,ISL,
6.6,2011,4,IND,
6.2,2011,4,IDN,
7.5,2011,4,IRQ,
0.5,2011,4,IRL,
4.7,2011,4,ISR,
0.7,2011,4,ITA,
1.4,2011,4,JAM,
0.0,2011,4,JPN,
2.7,2011,4,JOR,
7.4,2011,4,KAZ,
6.1,2011,4,KEN,
1.6,2011,4,KIR,
9.6,2011,4,KWT,
6.5,2011,4,LVA,
0.9,2011,4,LBN,
5.1,2011,4,LSO,
7.7,2011,4,LBR,
-66.7,2011,4,LBY,
6.0,2011,4,LTU,
2.5,2011,4,LUX,
1.6,2011,4,MDG,
4.9,2011,4,MWI,
5.3,2011,4,MYS,
8.6,2011,4,MDV,
3.2,2011,4,MLI,
0.5,2011,4,MLT,
-0.6,2011,4,MHL,
4.2,2011,4,MRT,
4.1,2011,4,MUS,
3.7,2011,4,MEX,
17.3,2011,4,MNG,
3.2,2011,4,MNE,
5.2,2011,4,MAR,
7.4,2011,4,MOZ,
5.5,2011,4,MMR,
5.1,2011,4,NAM,
10.8,2011,4,NRU,
3.4,2011,4,NPL,
1.5,2011,4,NLD,
1.8,2011,4,NZL,
6.3,2011,4,NIC,
2.4,2011,4,NER,
4.9,2011,4,NGA,
1.0,2011,4,NOR,
2.6,2011,4,OMN,
3.6,2011,4,PAK,
5.1,2011,4,PLW,
11.3,2011,4,PAN,
1.1,2011,4,PNG,
4.2,2011,4,PRY,
6.5,2011,4,PER,
3.9,2011,4,PHL,
4.8,2011,4,POL,
-1.7,2011,4,PRT,
-0.4,2011,4,PRI,
11.3,2011,4,QAT,
1.9,2011,4,ROU,
5.1,2011,4,RUS,
8.0,2011,4,RWA,
1.8,2011,4,KNA,
4.8,2011,4,LCA,
-0.4,2011,4,VCT,
4.2,2011,4,WSM,
-8.5,2011,4,SMR,
10.0,2011,4,SAU,
1.3,2011,4,SEN,
2.0,2011,4,SRB,
5.4,2011,4,SYC,
6.3,2011,4,SLE,
6.3,2011,4,SGP,
0.9,2011,4,SVN,
7.3,2011,4,SLB,
3.3,2011,4,ZAF,
-0.8,2011,4,ESP,
8.4,2011,4,LKA,
-3.2,2011,4,SDN,
5.8,2011,4,SUR,
3.2,2011,4,SWE,
1.9,2011,4,CHE,
7.4,2011,4,TJK,
0.8,2011,4,THA,
5.8,2011,4,TLS,
6.4,2011,4,TGO,
6.8,2011,4,TON,
-0.2,2011,4,TTO,
-1.9,2011,4,TUN,
11.2,2011,4,TUR,
14.7,2011,4,TKM,
7.5,2011,4,TUV,
7.7,2011,4,UGA,
5.5,2011,4,UKR,
6.9,2011,4,ARE,
1.3,2011,4,GBR,
1.6,2011,4,USA,
5.2,2011,4,URY,
7.8,2011,4,UZB,
3.1,2011,4,VUT,
-12.7,2011,4,YEM,
5.6,2011,4,ZMB,
14.2,2011,4,ZWE,
14.0,2012,4,AFG,
1.4,2012,4,ALB,
3.4,2012,4,DZA,
8.5,2012,4,AGO,
3.4,2012,4,ATG,
-1.0,2012,4,ARG,
7.1,2012,4,ARM,
-1.4,2012,4,ABW,
3.8,2012,4,AUS,
0.7,2012,4,AUT,
2.2,2012,4,AZE,
3.7,2012,4,BHR,
6.5,2012,4,BGD,
-0.4,2012,4,BRB,
1.6,2012,4,BLR,
0.7,2012,4,BEL,
2.4,2012,4,BLZ,
4.8,2012,4,BEN,
6.5,2012,4,BTN,
-0.7,2012,4,BIH,
4.5,2012,4,BWA,
1.9,2012,4,BRA,
0.9,2012,4,BRN,
0.4,2012,4,BGR,
6.5,2012,4,BFA,
4.4,2012,4,BDI,
1.1,2012,4,CPV,
7.3,2012,4,KHM,
4.5,2012,4,CMR,
1.8,2012,4,CAN,
5.1,2012,4,CAF,
8.8,2012,4,TCD,
5.3,2012,4,CHL,
7.9,2012,4,CHN,
3.9,2012,4,COL,
3.2,2012,4,COM,
4.9,2012,4,CRI,
-2.4,2012,4,HRV,
-3.4,2012,4,CYP,
0.2,2012,4,DNK,
4.8,2012,4,DJI,
-1.1,2012,4,DMA,
2.7,2012,4,DOM,
5.6,2012,4,ECU,
2.2,2012,4,EGY,
2.8,2012,4,SLV,
8.3,2012,4,GNQ,
1.9,2012,4,ERI,
3.1,2012,4,EST,
5.4,2012,4,SWZ,
8.7,2012,4,ETH,
1.4,2012,4,FJI,
-1.4,2012,4,FIN,
0.3,2012,4,FRA,
5.3,2012,4,GAB,
6.4,2012,4,GEO,
0.4,2012,4,DEU,
8.5,2012,4,GHA,
-7.1,2012,4,GRC,
-1.2,2012,4,GRD,
3.1,2012,4,GTM,
5.9,2012,4,GIN,
-1.7,2012,4,GNB,
5.0,2012,4,GUY,
0.6,2012,4,HTI,
4.1,2012,4,HND,
-1.4,2012,4,HUN,
1.1,2012,4,ISL,
5.5,2012,4,IND,
6.0,2012,4,IDN,
13.9,2012,4,IRQ,
-0.1,2012,4,IRL,
2.5,2012,4,ISR,
-3.0,2012,4,ITA,
-0.5,2012,4,JAM,
1.4,2012,4,JPN,
2.4,2012,4,JOR,
4.8,2012,4,KAZ,
4.6,2012,4,KEN,
4.7,2012,4,KIR,
6.6,2012,4,KWT,
4.3,2012,4,LVA,
2.5,2012,4,LBN,
5.1,2012,4,LSO,
8.4,2012,4,LBR,
124.7,2012,4,LBY,
3.8,2012,4,LTU,
-0.4,2012,4,LUX,
3.0,2012,4,MDG,
1.9,2012,4,MWI,
5.5,2012,4,MYS,
2.5,2012,4,MDV,
-0.8,2012,4,MLI,
4.1,2012,4,MLT,
-2.2,2012,4,MHL,
4.5,2012,4,MRT,
3.5,2012,4,MUS,
3.6,2012,4,MEX,
12.3,2012,4,MNG,
-2.7,2012,4,MNE,
3.0,2012,4,MAR,
7.3,2012,4,MOZ,
6.5,2012,4,MMR,
5.1,2012,4,NAM,
10.4,2012,4,NRU,
4.4,2012,4,NPL,
-1.0,2012,4,NLD,
2.5,2012,4,NZL,
6.5,2012,4,NIC,
10.5,2012,4,NER,
4.3,2012,4,NGA,
2.7,2012,4,NOR,
9.1,2012,4,OMN,
3.8,2012,4,PAK,
1.6,2012,4,PLW,
9.8,2012,4,PAN,
4.7,2012,4,PNG,
-0.5,2012,4,PRY,
6.0,2012,4,PER,
6.9,2012,4,PHL,
1.3,2012,4,POL,
-4.1,2012,4,PRT,
0.0,2012,4,PRI,
4.7,2012,4,QAT,
2.0,2012,4,ROU,
4.0,2012,4,RUS,
8.6,2012,4,RWA,
-2.2,2012,4,KNA,
-0.3,2012,4,LCA,
1.4,2012,4,VCT,
-4.1,2012,4,WSM,
-7.2,2012,4,SMR,
5.4,2012,4,SAU,
4.0,2012,4,SEN,
-0.7,2012,4,SRB,
3.7,2012,4,SYC,
15.2,2012,4,SLE,
4.5,2012,4,SGP,
-2.6,2012,4,SVN,
1.9,2012,4,SLB,
1.2,2012,4,SOM,
2.2,2012,4,ZAF,
-3.0,2012,4,ESP,
9.1,2012,4,LKA,
-17.0,2012,4,SDN,
2.7,2012,4,SUR,
-0.6,2012,4,SWE,
1.3,2012,4,CHE,
7.5,2012,4,TJK,
7.2,2012,4,THA,
6.0,2012,4,TLS,
6.5,2012,4,TGO,
0.8,2012,4,TON,
-0.7,2012,4,TTO,
4.1,2012,4,TUN,
4.8,2012,4,TUR,
11.1,2012,4,TKM,
-3.9,2012,4,TUV,
2.3,2012,4,UGA,
0.2,2012,4,UKR,
4.5,2012,4,ARE,
1.4,2012,4,GBR,
2.2,2012,4,USA,
3.5,2012,4,URY,
7.4,2012,4,UZB,
1.0,2012,4,VUT,
2.4,2012,4,YEM,
7.6,2012,4,ZMB,
16.7,2012,4,ZWE,
5.7,2013,4,AFG,
1.0,2013,4,ALB,
2.8,2013,4,DZA,
5.0,2013,4,AGO,
-0.6,2013,4,ATG,
2.4,2013,4,ARG,
3.4,2013,4,ARM,
4.2,2013,4,ABW,
2.1,2013,4,AUS,
0.0,2013,4,AUT,
5.8,2013,4,AZE,
5.4,2013,4,BHR,
6.0,2013,4,BGD,
-1.4,2013,4,BRB,
1.0,2013,4,BLR,
0.5,2013,4,BEL,
1.3,2013,4,BLZ,
7.2,2013,4,BEN,
3.6,2013,4,BTN,
2.4,2013,4,BIH,
11.3,2013,4,BWA,
3.0,2013,4,BRA,
-2.1,2013,4,BRN,
0.3,2013,4,BGR,
5.8,2013,4,BFA,
4.9,2013,4,BDI,
0.8,2013,4,CPV,
7.4,2013,4,KHM,
5.4,2013,4,CMR,
2.3,2013,4,CAN,
-36.4,2013,4,CAF,
5.8,2013,4,TCD,
4.0,2013,4,CHL,
7.8,2013,4,CHN,
5.1,2013,4,COL,
4.5,2013,4,COM,
2.5,2013,4,CRI,
-0.4,2013,4,HRV,
-6.6,2013,4,CYP,
0.9,2013,4,DNK,
5.0,2013,4,DJI,
-0.6,2013,4,DMA,
4.9,2013,4,DOM,
4.9,2013,4,ECU,
3.3,2013,4,EGY,
2.2,2013,4,SLV,
-4.1,2013,4,GNQ,
-10.5,2013,4,ERI,
1.3,2013,4,EST,
3.9,2013,4,SWZ,
9.9,2013,4,ETH,
4.7,2013,4,FJI,
-0.9,2013,4,FIN,
0.6,2013,4,FRA,
5.5,2013,4,GAB,
3.6,2013,4,GEO,
0.4,2013,4,DEU,
7.2,2013,4,GHA,
-2.7,2013,4,GRC,
2.4,2013,4,GRD,
3.5,2013,4,GTM,
3.9,2013,4,GIN,
3.3,2013,4,GNB,
3.7,2013,4,GUY,
3.1,2013,4,HTI,
2.8,2013,4,HND,
1.9,2013,4,HUN,
4.6,2013,4,ISL,
6.4,2013,4,IND,
5.6,2013,4,IDN,
7.6,2013,4,IRQ,
1.5,2013,4,IRL,
4.3,2013,4,ISR,
-1.8,2013,4,ITA,
0.2,2013,4,JAM,
2.0,2013,4,JPN,
2.6,2013,4,JOR,
6.0,2013,4,KAZ,
5.9,2013,4,KEN,
4.2,2013,4,KIR,
1.2,2013,4,KWT,
2.3,2013,4,LVA,
3.8,2013,4,LBN,
1.8,2013,4,LSO,
8.8,2013,4,LBR,
-36.8,2013,4,LBY,
3.6,2013,4,LTU,
3.7,2013,4,LUX,
2.3,2013,4,MDG,
5.2,2013,4,MWI,
4.7,2013,4,MYS,
7.3,2013,4,MDV,
2.3,2013,4,MLI,
5.5,2013,4,MLT,
3.9,2013,4,MHL,
4.2,2013,4,MRT,
3.4,2013,4,MUS,
1.4,2013,4,MEX,
11.6,2013,4,MNG,
3.5,2013,4,MNE,
4.5,2013,4,MAR,
7.0,2013,4,MOZ,
7.9,2013,4,MMR,
5.6,2013,4,NAM,
31.0,2013,4,NRU,
3.5,2013,4,NPL,
-0.1,2013,4,NLD,
2.3,2013,4,NZL,
4.9,2013,4,NIC,
5.3,2013,4,NER,
5.4,2013,4,NGA,
1.0,2013,4,NOR,
5.1,2013,4,OMN,
3.7,2013,4,PAK,
-1.7,2013,4,PLW,
6.9,2013,4,PAN,
3.8,2013,4,PNG,
8.4,2013,4,PRY,
5.8,2013,4,PER,
6.8,2013,4,PHL,
1.1,2013,4,POL,
-0.9,2013,4,PRT,
-0.3,2013,4,PRI,
5.6,2013,4,QAT,
3.8,2013,4,ROU,
1.8,2013,4,RUS,
4.7,2013,4,RWA,
5.4,2013,4,KNA,
-2.2,2013,4,LCA,
1.8,2013,4,VCT,
-0.4,2013,4,WSM,
-0.8,2013,4,SMR,
2.7,2013,4,SAU,
2.4,2013,4,SEN,
2.9,2013,4,SRB,
6.0,2013,4,SYC,
20.7,2013,4,SLE,
4.8,2013,4,SGP,
-1.0,2013,4,SVN,
5.3,2013,4,SLB,
1.9,2013,4,SOM,
2.5,2013,4,ZAF,
-1.4,2013,4,ESP,
3.4,2013,4,LKA,
2.0,2013,4,SDN,
2.9,2013,4,SUR,
1.2,2013,4,SWE,
1.9,2013,4,CHE,
7.4,2013,4,TJK,
2.7,2013,4,THA,
2.1,2013,4,TLS,
6.1,2013,4,TGO,
0.3,2013,4,TON,
2.2,2013,4,TTO,
2.8,2013,4,TUN,
8.5,2013,4,TUR,
10.2,2013,4,TKM,
4.9,2013,4,TUV,
3.9,2013,4,UGA,
0.0,2013,4,UKR,
5.1,2013,4,ARE,
2.2,2013,4,GBR,
1.8,2013,4,USA,
4.6,2013,4,URY,
7.6,2013,4,UZB,
0.5,2013,4,VUT,
4.8,2013,4,YEM,
5.1,2013,4,ZMB,
2.0,2013,4,ZWE,
2.7,2014,4,AFG,
1.8,2014,4,ALB,
3.8,2014,4,DZA,
4.8,2014,4,AGO,
3.8,2014,4,ATG,
-2.5,2014,4,ARG,
3.6,2014,4,ARM,
0.9,2014,4,ABW,
2.6,2014,4,AUS,
0.7,2014,4,AUT,
2.8,2014,4,AZE,
4.4,2014,4,BHR,
6.1,2014,4,BGD,
-0.1,2014,4,BRB,
1.7,2014,4,BLR,
1.6,2014,4,BEL,
4.0,2014,4,BLZ,
6.4,2014,4,BEN,
4.0,2014,4,BTN,
1.1,2014,4,BIH,
4.1,2014,4,BWA,
0.5,2014,4,BRA,
-2.5,2014,4,BRN,
1.9,2014,4,BGR,
4.3,2014,4,BFA,
4.2,2014,4,BDI,
0.6,2014,4,CPV,
7.1,2014,4,KHM,
5.9,2014,4,CMR,
2.9,2014,4,CAN,
0.1,2014,4,CAF,
6.9,2014,4,TCD,
1.8,2014,4,CHL,
7.4,2014,4,CHN,
4.5,2014,4,COL,
2.1,2014,4,COM,
3.5,2014,4,CRI,
-0.3,2014,4,HRV,
-1.8,2014,4,CYP,
1.6,2014,4,DNK,
7.1,2014,4,DJI,
4.4,2014,4,DMA,
7.1,2014,4,DOM,
3.8,2014,4,ECU,
2.9,2014,4,EGY,
1.7,2014,4,SLV,
0.4,2014,4,GNQ,
30.9,2014,4,ERI,
3.0,2014,4,EST,
0.9,2014,4,SWZ,
10.3,2014,4,ETH,
5.6,2014,4,FJI,
-0.4,2014,4,FIN,
1.0,2014,4,FRA,
4.4,2014,4,GAB,
4.4,2014,4,GEO,
2.2,2014,4,DEU,
2.9,2014,4,GHA,
0.7,2014,4,GRC,
7.3,2014,4,GRD,
4.4,2014,4,GTM,
3.7,2014,4,GIN,
1.0,2014,4,GNB,
1.7,2014,4,GUY,
3.4,2014,4,HTI,
3.1,2014,4,HND,
4.2,2014,4,HUN,
1.7,2014,4,ISL,
7.4,2014,4,IND,
5.0,2014,4,IDN,
0.7,2014,4,IRQ,
8.6,2014,4,IRL,
3.9,2014,4,ISR,
0.0,2014,4,ITA,
0.6,2014,4,JAM,
0.3,2014,4,JPN,
3.4,2014,4,JOR,
4.2,2014,4,KAZ,
5.4,2014,4,KEN,
-0.7,2014,4,KIR,
0.5,2014,4,KWT,
1.1,2014,4,LVA,
2.5,2014,4,LBN,
2.1,2014,4,LSO,
0.7,2014,4,LBR,
-53.0,2014,4,LBY,
3.5,2014,4,LTU,
4.3,2014,4,LUX,
3.3,2014,4,MDG,
5.7,2014,4,MWI,
6.0,2014,4,MYS,
7.3,2014,4,MDV,
7.1,2014,4,MLI,
7.6,2014,4,MLT,
-1.0,2014,4,MHL,
4.3,2014,4,MRT,
3.7,2014,4,MUS,
2.8,2014,4,MEX,
7.9,2014,4,MNG,
1.8,2014,4,MNE,
2.7,2014,4,MAR,
7.4,2014,4,MOZ,
8.2,2014,4,MMR,
6.1,2014,4,NAM,
27.2,2014,4,NRU,
6.0,2014,4,NPL,
1.4,2014,4,NLD,
3.7,2014,4,NZL,
4.8,2014,4,NIC,
6.6,2014,4,NER,
6.3,2014,4,NGA,
2.0,2014,4,NOR,
1.4,2014,4,OMN,
4.1,2014,4,PAK,
6.0,2014,4,PLW,
5.1,2014,4,PAN,
13.5,2014,4,PNG,
4.9,2014,4,PRY,
2.4,2014,4,PER,
6.3,2014,4,PHL,
3.4,2014,4,POL,
0.8,2014,4,PRT,
-1.2,2014,4,PRI,
5.3,2014,4,QAT,
3.6,2014,4,ROU,
0.7,2014,4,RUS,
6.2,2014,4,RWA,
6.3,2014,4,KNA,
1.3,2014,4,LCA,
1.2,2014,4,VCT,
0.1,2014,4,WSM,
-0.7,2014,4,SMR,
3.7,2014,4,SAU,
6.2,2014,4,SEN,
-1.6,2014,4,SRB,
4.5,2014,4,SYC,
4.6,2014,4,SLE,
3.9,2014,4,SGP,
2.8,2014,4,SVN,
1.0,2014,4,SLB,
2.4,2014,4,SOM,
1.8,2014,4,ZAF,
1.4,2014,4,ESP,
5.0,2014,4,LKA,
4.7,2014,4,SDN,
0.3,2014,4,SUR,
2.7,2014,4,SWE,
2.4,2014,4,CHE,
6.7,2014,4,TJK,
1.0,2014,4,THA,
4.4,2014,4,TLS,
5.9,2014,4,TGO,
2.0,2014,4,TON,
-0.9,2014,4,TTO,
2.9,2014,4,TUN,
4.9,2014,4,TUR,
10.3,2014,4,TKM,
1.2,2014,4,TUV,
5.7,2014,4,UGA,
-6.6,2014,4,UKR,
4.3,2014,4,ARE,
2.9,2014,4,GBR,
2.5,2014,4,USA,
3.2,2014,4,URY,
7.2,2014,4,UZB,
3.1,2014,4,VUT,
-0.2,2014,4,YEM,
4.7,2014,4,ZMB,
2.4,2014,4,ZWE,
1.0,2015,4,AFG,
2.2,2015,4,ALB,
3.7,2015,4,DZA,
0.9,2015,4,AGO,
3.8,2015,4,ATG,
2.7,2015,4,ARG,
3.3,2015,4,ARM,
-0.4,2015,4,ABW,
2.3,2015,4,AUS,
1.0,2015,4,AUT,
1.0,2015,4,AZE,
2.5,2015,4,BHR,
6.6,2015,4,BGD,
2.4,2015,4,BRB,
-3.8,2015,4,BLR,
2.0,2015,4,BEL,
2.6,2015,4,BLZ,
1.8,2015,4,BEN,
6.2,2015,4,BTN,
3.1,2015,4,BIH,
-1.7,2015,4,BWA,
-3.5,2015,4,BRA,
-0.4,2015,4,BRN,
4.0,2015,4,BGR,
3.9,2015,4,BFA,
-3.9,2015,4,BDI,
1.0,2015,4,CPV,
7.0,2015,4,KHM,
5.7,2015,4,CMR,
0.7,2015,4,CAN,
4.3,2015,4,CAF,
1.8,2015,4,TCD,
2.3,2015,4,CHL,
7.0,2015,4,CHN,
3.0,2015,4,COL,
1.3,2015,4,COM,
3.7,2015,4,CRI,
2.4,2015,4,HRV,
3.2,2015,4,CYP,
2.3,2015,4,DNK,
7.7,2015,4,DJI,
-2.6,2015,4,DMA,
6.9,2015,4,DOM,
0.1,2015,4,ECU,
4.4,2015,4,EGY,
2.4,2015,4,SLV,
-9.1,2015,4,GNQ,
-20.6,2015,4,ERI,
1.8,2015,4,EST,
2.2,2015,4,SWZ,
10.4,2015,4,ETH,
4.5,2015,4,FJI,
0.5,2015,4,FIN,
1.1,2015,4,FRA,
3.9,2015,4,GAB,
3.0,2015,4,GEO,
1.5,2015,4,DEU,
2.2,2015,4,GHA,
-0.4,2015,4,GRC,
6.4,2015,4,GRD,
4.1,2015,4,GTM,
3.8,2015,4,GIN,
6.1,2015,4,GNB,
0.7,2015,4,GUY,
1.6,2015,4,HTI,
3.8,2015,4,HND,
3.8,2015,4,HUN,
4.4,2015,4,ISL,
8.0,2015,4,IND,
4.9,2015,4,IDN,
2.5,2015,4,IRQ,
25.3,2015,4,IRL,
2.2,2015,4,ISR,
0.8,2015,4,ITA,
0.9,2015,4,JAM,
1.6,2015,4,JPN,
2.5,2015,4,JOR,
1.2,2015,4,KAZ,
5.7,2015,4,KEN,
10.4,2015,4,KIR,
0.6,2015,4,KWT,
4.0,2015,4,LVA,
0.2,2015,4,LBN,
3.3,2015,4,LSO,
0.0,2015,4,LBR,
-13.0,2015,4,LBY,
2.0,2015,4,LTU,
4.3,2015,4,LUX,
3.1,2015,4,MDG,
2.9,2015,4,MWI,
5.0,2015,4,MYS,
2.9,2015,4,MDV,
6.2,2015,4,MLI,
9.6,2015,4,MLT,
1.6,2015,4,MHL,
5.4,2015,4,MRT,
3.6,2015,4,MUS,
3.3,2015,4,MEX,
2.4,2015,4,MNG,
3.4,2015,4,MNE,
4.5,2015,4,MAR,
6.7,2015,4,MOZ,
7.5,2015,4,MMR,
4.3,2015,4,NAM,
3.4,2015,4,NRU,
4.0,2015,4,NPL,
2.0,2015,4,NLD,
3.6,2015,4,NZL,
4.8,2015,4,NIC,
4.4,2015,4,NER,
2.7,2015,4,NGA,
2.0,2015,4,NOR,
4.7,2015,4,OMN,
4.1,2015,4,PAK,
5.0,2015,4,PLW,
5.7,2015,4,PAN,
6.6,2015,4,PNG,
3.1,2015,4,PRY,
3.3,2015,4,PER,
6.3,2015,4,PHL,
4.2,2015,4,POL,
1.8,2015,4,PRT,
-1.0,2015,4,PRI,
4.8,2015,4,QAT,
3.0,2015,4,ROU,
-2.0,2015,4,RUS,
8.9,2015,4,RWA,
1.0,2015,4,KNA,
-0.2,2015,4,LCA,
1.3,2015,4,VCT,
4.3,2015,4,WSM,
2.7,2015,4,SMR,
4.1,2015,4,SAU,
6.4,2015,4,SEN,
1.8,2015,4,SRB,
4.9,2015,4,SYC,
-20.5,2015,4,SLE,
3.0,2015,4,SGP,
2.2,2015,4,SVN,
1.4,2015,4,SLB,
3.5,2015,4,SOM,
1.2,2015,4,ZAF,
3.8,2015,4,ESP,
5.0,2015,4,LKA,
1.9,2015,4,SDN,
-3.4,2015,4,SUR,
4.5,2015,4,SWE,
1.6,2015,4,CHE,
6.0,2015,4,TJK,
3.1,2015,4,THA,
2.9,2015,4,TLS,
5.7,2015,4,TGO,
1.2,2015,4,TON,
1.5,2015,4,TTO,
1.2,2015,4,TUN,
6.1,2015,4,TUR,
6.5,2015,4,TKM,
9.2,2015,4,TUV,
7.3,2015,4,UGA,
-9.8,2015,4,UKR,
5.1,2015,4,ARE,
2.4,2015,4,GBR,
3.1,2015,4,USA,
0.4,2015,4,URY,
7.4,2015,4,UZB,
0.4,2015,4,VUT,
-28.0,2015,4,YEM,
2.9,2015,4,ZMB,
1.8,2015,4,ZWE,
2.2,2016,4,AFG,
3.3,2016,4,ALB,
3.2,2016,4,DZA,
-2.6,2016,4,AGO,
5.5,2016,4,ATG,
-2.1,2016,4,ARG,
0.2,2016,4,ARM,
0.5,2016,4,ABW,
2.7,2016,4,AUS,
2.0,2016,4,AUT,
-3.1,2016,4,AZE,
3.6,2016,4,BHR,
7.1,2016,4,BGD,
2.5,2016,4,BRB,
-2.5,2016,4,BLR,
1.3,2016,4,BEL,
0.0,2016,4,BLZ,
3.3,2016,4,BEN,
7.4,2016,4,BTN,
3.1,2016,4,BIH,
4.3,2016,4,BWA,
-3.3,2016,4,BRA,
-2.5,2016,4,BRN,
3.8,2016,4,BGR,
6.0,2016,4,BFA,
-0.6,2016,4,BDI,
4.7,2016,4,CPV,
6.9,2016,4,KHM,
4.6,2016,4,CMR,
1.0,2016,4,CAN,
4.7,2016,4,CAF,
-5.6,2016,4,TCD,
1.7,2016,4,CHL,
6.9,2016,4,CHN,
2.1,2016,4,COL,
3.5,2016,4,COM,
4.2,2016,4,CRI,
3.5,2016,4,HRV,
6.4,2016,4,CYP,
3.2,2016,4,DNK,
6.9,2016,4,DJI,
2.5,2016,4,DMA,
6.7,2016,4,DOM,
-1.2,2016,4,ECU,
4.3,2016,4,EGY,
2.5,2016,4,SLV,
-8.8,2016,4,GNQ,
7.4,2016,4,ERI,
3.2,2016,4,EST,
1.1,2016,4,SWZ,
8.0,2016,4,ETH,
2.4,2016,4,FJI,
2.8,2016,4,FIN,
1.1,2016,4,FRA,
2.1,2016,4,GAB,
2.9,2016,4,GEO,
2.2,2016,4,DEU,
3.4,2016,4,GHA,
-0.5,2016,4,GRC,
3.7,2016,4,GRD,
2.7,2016,4,GTM,
10.8,2016,4,GIN,
5.3,2016,4,GNB,
3.8,2016,4,GUY,
1.7,2016,4,HTI,
3.9,2016,4,HND,
2.1,2016,4,HUN,
6.3,2016,4,ISL,
8.3,2016,4,IND,
5.0,2016,4,IDN,
15.2,2016,4,IRQ,
2.0,2016,4,IRL,
3.8,2016,4,ISR,
1.3,2016,4,ITA,
1.5,2016,4,JAM,
0.8,2016,4,JPN,
2.0,2016,4,JOR,
1.1,2016,4,KAZ,
5.9,2016,4,KEN,
5.1,2016,4,KIR,
2.9,2016,4,KWT,
2.4,2016,4,LVA,
1.5,2016,4,LBN,
1.9,2016,4,LSO,
-1.6,2016,4,LBR,
-7.4,2016,4,LBY,
2.5,2016,4,LTU,
4.6,2016,4,LUX,
4.0,2016,4,MDG,
2.3,2016,4,MWI,
4.4,2016,4,MYS,
6.3,2016,4,MDV,
5.9,2016,4,MLI,
4.1,2016,4,MLT,
1.4,2016,4,MHL,
1.3,2016,4,MRT,
3.8,2016,4,MUS,
2.6,2016,4,MEX,
1.2,2016,4,MNG,
2.9,2016,4,MNE,
1.1,2016,4,MAR,
3.8,2016,4,MOZ,
6.4,2016,4,MMR,
0.0,2016,4,NAM,
3.0,2016,4,NRU,
0.4,2016,4,NPL,
2.2,2016,4,NLD,
3.9,2016,4,NZL,
4.6,2016,4,NIC,
5.7,2016,4,NER,
-1.6,2016,4,NGA,
1.1,2016,4,NOR,
4.9,2016,4,OMN,
4.6,2016,4,PAK,
-0.4,2016,4,PLW,
5.0,2016,4,PAN,
5.5,2016,4,PNG,
4.3,2016,4,PRY,
4.4,2016,4,PER,
7.1,2016,4,PHL,
3.1,2016,4,POL,
2.0,2016,4,PRT,
-1.3,2016,4,PRI,
3.1,2016,4,QAT,
4.7,2016,4,ROU,
0.2,2016,4,RUS,
6.0,2016,4,RWA,
2.8,2016,4,KNA,
3.8,2016,4,LCA,
1.9,2016,4,VCT,
8.1,2016,4,WSM,
2.3,2016,4,SMR,
1.7,2016,4,SAU,
6.4,2016,4,SEN,
3.3,2016,4,SRB,
4.4,2016,4,SYC,
6.4,2016,4,SLE,
3.3,2016,4,SGP,
3.2,2016,4,SVN,
5.9,2016,4,SLB,
2.9,2016,4,SOM,
0.4,2016,4,ZAF,
3.0,2016,4,ESP,
4.5,2016,4,LKA,
3.5,2016,4,SDN,
-5.6,2016,4,SUR,
2.1,2016,4,SWE,
2.0,2016,4,CHE,
6.9,2016,4,TJK,
3.4,2016,4,THA,
3.4,2016,4,TLS,
5.6,2016,4,TGO,
6.6,2016,4,TON,
-5.6,2016,4,TTO,
1.2,2016,4,TUN,
3.3,2016,4,TUR,
6.2,2016,4,TKM,
5.9,2016,4,TUV,
0.3,2016,4,UGA,
2.4,2016,4,UKR,
3.1,2016,4,ARE,
1.7,2016,4,GBR,
1.7,2016,4,USA,
1.7,2016,4,URY,
6.1,2016,4,UZB,
4.7,2016,4,VUT,
-9.4,2016,4,YEM,
3.8,2016,4,ZMB,
0.7,2016,4,ZWE,
2.6,2017,4,AFG,
3.8,2017,4,ALB,
1.3,2017,4,DZA,
-0.2,2017,4,AGO,
3.1,2017,4,ATG,
2.8,2017,4,ARG,
7.5,2017,4,ARM,
2.3,2017,4,ABW,
2.4,2017,4,AUS,
2.4,2017,4,AUT,
0.2,2017,4,AZE,
4.3,2017,4,BHR,
7.3,2017,4,BGD,
0.5,2017,4,BRB,
2.5,2017,4,BLR,
1.6,2017,4,BEL,
1.8,2017,4,BLZ,
5.7,2017,4,BEN,
6.3,2017,4,BTN,
3.2,2017,4,BIH,
2.9,2017,4,BWA,
1.3,2017,4,BRA,
1.3,2017,4,BRN,
3.5,2017,4,BGR,
6.2,2017,4,BFA,
0.5,2017,4,BDI,
3.7,2017,4,CPV,
7.0,2017,4,KHM,
3.5,2017,4,CMR,
3.0,2017,4,CAN,
4.5,2017,4,CAF,
-2.4,2017,4,TCD,
1.2,2017,4,CHL,
6.9,2017,4,CHN,
1.4,2017,4,COL,
4.2,2017,4,COM,
4.2,2017,4,CRI,
3.4,2017,4,HRV,
5.2,2017,4,CYP,
2.8,2017,4,DNK,
5.1,2017,4,DJI,
-9.5,2017,4,DMA,
4.7,2017,4,DOM,
2.4,2017,4,ECU,
4.1,2017,4,EGY,
2.2,2017,4,SLV,
-5.7,2017,4,GNQ,
-10.0,2017,4,ERI,
5.5,2017,4,EST,
2.0,2017,4,SWZ,
10.2,2017,4,ETH,
5.4,2017,4,FJI,
3.2,2017,4,FIN,
2.3,2017,4,FRA,
0.5,2017,4,GAB,
4.8,2017,4,GEO,
2.6,2017,4,DEU,
8.1,2017,4,GHA,
1.3,2017,4,GRC,
4.4,2017,4,GRD,
3.0,2017,4,GTM,
10.3,2017,4,GIN,
4.8,2017,4,GNB,
3.7,2017,4,GUY,
2.3,2017,4,HTI,
4.8,2017,4,HND,
4.3,2017,4,HUN,
4.2,2017,4,ISL,
6.8,2017,4,IND,
5.1,2017,4,IDN,
-3.4,2017,4,IRQ,
9.4,2017,4,IRL,
3.6,2017,4,ISR,
1.7,2017,4,ITA,
0.7,2017,4,JAM,
1.7,2017,4,JPN,
2.1,2017,4,JOR,
4.1,2017,4,KAZ,
4.8,2017,4,KEN,
0.9,2017,4,KIR,
-4.7,2017,4,KWT,
3.3,2017,4,LVA,
0.9,2017,4,LBN,
-2.7,2017,4,LSO,
2.5,2017,4,LBR,
64.0,2017,4,LBY,
4.3,2017,4,LTU,
1.8,2017,4,LUX,
3.9,2017,4,MDG,
4.0,2017,4,MWI,
5.8,2017,4,MYS,
7.2,2017,4,MDV,
5.3,2017,4,MLI,
8.1,2017,4,MLT,
3.3,2017,4,MHL,
3.5,2017,4,MRT,
3.8,2017,4,MUS,
2.1,2017,4,MEX,
5.3,2017,4,MNG,
4.7,2017,4,MNE,
4.2,2017,4,MAR,
3.7,2017,4,MOZ,
5.8,2017,4,MMR,
-1.0,2017,4,NAM,
-5.5,2017,4,NRU,
9.0,2017,4,NPL,
2.9,2017,4,NLD,
3.5,2017,4,NZL,
4.6,2017,4,NIC,
5.0,2017,4,NER,
0.8,2017,4,NGA,
2.3,2017,4,NOR,
0.3,2017,4,OMN,
5.2,2017,4,PAK,
-2.0,2017,4,PLW,
5.6,2017,4,PAN,
3.5,2017,4,PNG,
5.0,2017,4,PRY,
2.1,2017,4,PER,
6.9,2017,4,PHL,
4.8,2017,4,POL,
3.5,2017,4,PRT,
-2.9,2017,4,PRI,
-1.5,2017,4,QAT,
7.3,2017,4,ROU,
1.8,2017,4,RUS,
4.0,2017,4,RWA,
-2.0,2017,4,KNA,
3.5,2017,4,LCA,
1.0,2017,4,VCT,
1.0,2017,4,WSM,
0.3,2017,4,SMR,
-0.7,2017,4,SAU,
7.4,2017,4,SEN,
2.1,2017,4,SRB,
5.0,2017,4,SYC,
3.8,2017,4,SLE,
4.5,2017,4,SGP,
4.8,2017,4,SVN,
5.3,2017,4,SLB,
1.4,2017,4,SOM,
1.4,2017,4,ZAF,
3.0,2017,4,ESP,
3.6,2017,4,LKA,
0.7,2017,4,SDN,
1.8,2017,4,SUR,
2.6,2017,4,SWE,
1.7,2017,4,CHE,
7.1,2017,4,TJK,
4.2,2017,4,THA,
-4.1,2017,4,TLS,
4.3,2017,4,TGO,
3.3,2017,4,TON,
-3.0,2017,4,TTO,
1.9,2017,4,TUN,
7.5,2017,4,TUR,
6.4,2017,4,TKM,
4.6,2017,4,TUV,
7.3,2017,4,UGA,
2.5,2017,4,UKR,
2.4,2017,4,ARE,
1.7,2017,4,GBR,
2.3,2017,4,USA,
1.6,2017,4,URY,
4.5,2017,4,UZB,
6.3,2017,4,VUT,
-5.1,2017,4,YEM,
3.5,2017,4,ZMB,
4.7,2017,4,ZWE,
1.2,2018,4,AFG,
4.1,2018,4,ALB,
1.2,2018,4,DZA,
-2.0,2018,4,AGO,
7.0,2018,4,ATG,
-2.6,2018,4,ARG,
5.2,2018,4,ARM,
1.2,2018,4,ABW,
2.8,2018,4,AUS,
2.6,2018,4,AUT,
1.5,2018,4,AZE,
1.7,2018,4,BHR,
7.9,2018,4,BGD,
-0.6,2018,4,BRB,
3.1,2018,4,BLR,
1.8,2018,4,BEL,
2.9,2018,4,BLZ,
6.7,2018,4,BEN,
3.8,2018,4,BTN,
3.7,2018,4,BIH,
4.5,2018,4,BWA,
1.8,2018,4,BRA,
0.1,2018,4,BRN,
3.1,2018,4,BGR,
6.8,2018,4,BFA,
1.6,2018,4,BDI,
4.5,2018,4,CPV,
7.5,2018,4,KHM,
4.1,2018,4,CMR,
2.4,2018,4,CAN,
3.8,2018,4,CAF,
2.3,2018,4,TCD,
3.7,2018,4,CHL,
6.7,2018,4,CHN,
2.6,2018,4,COL,
3.6,2018,4,COM,
2.1,2018,4,CRI,
2.8,2018,4,HRV,
5.2,2018,4,CYP,
2.2,2018,4,DNK,
8.5,2018,4,DJI,
0.5,2018,4,DMA,
7.0,2018,4,DOM,
1.3,2018,4,ECU,
5.3,2018,4,EGY,
2.4,2018,4,SLV,
-6.4,2018,4,GNQ,
13.0,2018,4,ERI,
4.4,2018,4,EST,
2.4,2018,4,SWZ,
7.7,2018,4,ETH,
3.8,2018,4,FJI,
1.3,2018,4,FIN,
1.9,2018,4,FRA,
0.8,2018,4,GAB,
4.8,2018,4,GEO,
1.3,2018,4,DEU,
6.3,2018,4,GHA,
1.6,2018,4,GRC,
4.1,2018,4,GRD,
3.2,2018,4,GTM,
6.2,2018,4,GIN,
3.4,2018,4,GNB,
4.4,2018,4,GUY,
1.7,2018,4,HTI,
3.7,2018,4,HND,
5.4,2018,4,HUN,
4.7,2018,4,ISL,
6.5,2018,4,IND,
5.2,2018,4,IDN,
0.8,2018,4,IRQ,
8.9,2018,4,IRL,
3.5,2018,4,ISR,
0.9,2018,4,ITA,
1.8,2018,4,JAM,
0.6,2018,4,JPN,
1.9,2018,4,JOR,
4.1,2018,4,KAZ,
6.3,2018,4,KEN,
3.8,2018,4,KIR,
1.2,2018,4,KWT,
4.0,2018,4,LVA,
-1.9,2018,4,LBN,
-1.0,2018,4,LSO,
1.2,2018,4,LBR,
17.9,2018,4,LBY,
3.9,2018,4,LTU,
3.1,2018,4,LUX,
3.2,2018,4,MDG,
3.2,2018,4,MWI,
4.8,2018,4,MYS,
8.1,2018,4,MDV,
4.7,2018,4,MLI,
5.2,2018,4,MLT,
3.1,2018,4,MHL,
2.1,2018,4,MRT,
3.8,2018,4,MUS,
2.2,2018,4,MEX,
7.2,2018,4,MNG,
5.1,2018,4,MNE,
3.1,2018,4,MAR,
3.4,2018,4,MOZ,
6.4,2018,4,MMR,
1.1,2018,4,NAM,
5.7,2018,4,NRU,
7.6,2018,4,NPL,
2.4,2018,4,NLD,
3.4,2018,4,NZL,
-4.0,2018,4,NIC,
7.2,2018,4,NER,
1.9,2018,4,NGA,
1.1,2018,4,NOR,
0.9,2018,4,OMN,
5.5,2018,4,PAK,
5.8,2018,4,PLW,
3.6,2018,4,PAN,
-0.3,2018,4,PNG,
3.4,2018,4,PRY,
4.0,2018,4,PER,
6.3,2018,4,PHL,
5.4,2018,4,POL,
2.8,2018,4,PRT,
-4.7,2018,4,PRI,
1.2,2018,4,QAT,
4.5,2018,4,ROU,
2.8,2018,4,RUS,
8.6,2018,4,RWA,
2.9,2018,4,KNA,
2.6,2018,4,LCA,
2.2,2018,4,VCT,
-2.1,2018,4,WSM,
1.5,2018,4,SMR,
2.4,2018,4,SAU,
6.2,2018,4,SEN,
4.5,2018,4,SRB,
1.3,2018,4,SYC,
3.5,2018,4,SLE,
3.5,2018,4,SGP,
4.4,2018,4,SVN,
3.9,2018,4,SLB,
2.8,2018,4,SOM,
0.8,2018,4,ZAF,
2.4,2018,4,ESP,
3.3,2018,4,LKA,
-2.3,2018,4,SDN,
2.6,2018,4,SUR,
2.0,2018,4,SWE,
3.0,2018,4,CHE,
7.3,2018,4,TJK,
4.2,2018,4,THA,
-1.1,2018,4,TLS,
5.0,2018,4,TGO,
0.3,2018,4,TON,
0.1,2018,4,TTO,
2.7,2018,4,TUN,
3.0,2018,4,TUR,
6.2,2018,4,TKM,
3.2,2018,4,TUV,
6.0,2018,4,UGA,
3.4,2018,4,UKR,
1.2,2018,4,ARE,
1.3,2018,4,GBR,
3.0,2018,4,USA,
0.5,2018,4,URY,
5.4,2018,4,UZB,
2.9,2018,4,VUT,
0.8,2018,4,YEM,
4.0,2018,4,ZMB,
3.5,2018,4,ZWE,
3.9,2019,4,AFG,
2.2,2019,4,ALB,
0.8,2019,4,DZA,
-0.6,2019,4,AGO,
3.4,2019,4,ATG,
-2.1,2019,4,ARG,
7.6,2019,4,ARM,
0.4,2019,4,ABW,
1.9,2019,4,AUS,
1.4,2019,4,AUT,
2.2,2019,4,AZE,
2.0,2019,4,BHR,
8.2,2019,4,BGD,
-0.1,2019,4,BRB,
1.4,2019,4,BLR,
1.7,2019,4,BEL,
1.8,2019,4,BLZ,
6.9,2019,4,BEN,
4.3,2019,4,BTN,
2.8,2019,4,BIH,
3.0,2019,4,BWA,
1.4,2019,4,BRA,
3.9,2019,4,BRN,
3.7,2019,4,BGR,
5.7,2019,4,BFA,
1.8,2019,4,BDI,
5.7,2019,4,CPV,
7.0,2019,4,KHM,
3.9,2019,4,CMR,
1.9,2019,4,CAN,
3.0,2019,4,CAF,
3.0,2019,4,TCD,
1.0,2019,4,CHL,
5.8,2019,4,CHN,
3.3,2019,4,COL,
1.9,2019,4,COM,
2.2,2019,4,CRI,
2.9,2019,4,HRV,
3.1,2019,4,CYP,
2.9,2019,4,DNK,
7.5,2019,4,DJI,
7.6,2019,4,DMA,
5.1,2019,4,DOM,
0.0,2019,4,ECU,
5.6,2019,4,EGY,
2.4,2019,4,SLV,
-5.6,2019,4,GNQ,
3.8,2019,4,ERI,
5.0,2019,4,EST,
2.2,2019,4,SWZ,
9.0,2019,4,ETH,
-0.4,2019,4,FJI,
1.3,2019,4,FIN,
1.5,2019,4,FRA,
3.9,2019,4,GAB,
5.0,2019,4,GEO,
0.6,2019,4,DEU,
6.5,2019,4,GHA,
1.9,2019,4,GRC,
1.9,2019,4,GRD,
3.8,2019,4,GTM,
5.6,2019,4,GIN,
4.5,2019,4,GNB,
5.4,2019,4,GUY,
-1.7,2019,4,HTI,
2.7,2019,4,HND,
4.6,2019,4,HUN,
2.6,2019,4,ISL,
4.0,2019,4,IND,
5.0,2019,4,IDN,
4.5,2019,4,IRQ,
5.9,2019,4,IRL,
3.4,2019,4,ISR,
0.3,2019,4,ITA,
1.0,2019,4,JAM,
0.3,2019,4,JPN,
2.0,2019,4,JOR,
4.5,2019,4,KAZ,
5.4,2019,4,KEN,
3.9,2019,4,KIR,
0.4,2019,4,KWT,
2.0,2019,4,LVA,
-6.7,2019,4,LBN,
1.1,2019,4,LSO,
-2.5,2019,4,LBR,
13.2,2019,4,LBY,
4.3,2019,4,LTU,
2.3,2019,4,LUX,
4.4,2019,4,MDG,
4.5,2019,4,MWI,
4.3,2019,4,MYS,
7.0,2019,4,MDV,
4.8,2019,4,MLI,
5.5,2019,4,MLT,
6.5,2019,4,MHL,
5.6,2019,4,MRT,
3.0,2019,4,MUS,
-0.1,2019,4,MEX,
5.2,2019,4,MNG,
4.1,2019,4,MNE,
2.5,2019,4,MAR,
2.3,2019,4,MOZ,
6.8,2019,4,MMR,
-1.6,2019,4,NAM,
1.0,2019,4,NRU,
6.7,2019,4,NPL,
1.7,2019,4,NLD,
2.4,2019,4,NZL,
-3.9,2019,4,NIC,
5.9,2019,4,NER,
2.2,2019,4,NGA,
0.9,2019,4,NOR,
-0.8,2019,4,OMN,
1.9,2019,4,PAK,
-1.8,2019,4,PLW,
3.0,2019,4,PAN,
5.9,2019,4,PNG,
0.0,2019,4,PRY,
2.2,2019,4,PER,
6.0,2019,4,PHL,
4.5,2019,4,POL,
2.5,2019,4,PRT,
1.2,2019,4,PRI,
0.8,2019,4,QAT,
4.1,2019,4,ROU,
2.0,2019,4,RUS,
9.4,2019,4,RWA,
2.8,2019,4,KNA,
1.7,2019,4,LCA,
0.3,2019,4,VCT,
3.6,2019,4,WSM,
2.4,2019,4,SMR,
0.3,2019,4,SAU,
4.4,2019,4,SEN,
4.2,2019,4,SRB,
1.9,2019,4,SYC,
5.5,2019,4,SLE,
1.3,2019,4,SGP,
3.2,2019,4,SVN,
1.2,2019,4,SLB,
2.9,2019,4,SOM,
0.2,2019,4,ZAF,
2.0,2019,4,ESP,
2.3,2019,4,LKA,
-2.5,2019,4,SDN,
0.3,2019,4,SUR,
1.4,2019,4,SWE,
1.1,2019,4,CHE,
7.5,2019,4,TJK,
2.3,2019,4,THA,
1.8,2019,4,TLS,
5.5,2019,4,TGO,
0.7,2019,4,TON,
-1.2,2019,4,TTO,
1.0,2019,4,TUN,
0.9,2019,4,TUR,
6.3,2019,4,TKM,
6.0,2019,4,TUV,
8.0,2019,4,UGA,
3.2,2019,4,UKR,
1.7,2019,4,ARE,
1.4,2019,4,GBR,
2.2,2019,4,USA,
0.3,2019,4,URY,
5.8,2019,4,UZB,
3.3,2019,4,VUT,
2.1,2019,4,YEM,
1.4,2019,4,ZMB,
-7.4,2019,4,ZWE,
-5.0,2020,4,AFG,
-3.5,2020,4,ALB,
-6.0,2020,4,DZA,
-4.0,2020,4,AGO,
-17.3,2020,4,ATG,
-10.0,2020,4,ARG,
-7.6,2020,4,ARM,
-25.5,2020,4,ABW,
-2.4,2020,4,AUS,
-6.6,2020,4,AUT,
-4.3,2020,4,AZE,
-5.4,2020,4,BHR,
3.8,2020,4,BGD,
-17.6,2020,4,BRB,
-0.9,2020,4,BLR,
-6.4,2020,4,BEL,
-14.1,2020,4,BLZ,
2.0,2020,4,BEN,
-0.8,2020,4,BTN,
-5.5,2020,4,BIH,
-8.3,2020,4,BWA,
-4.1,2020,4,BRA,
1.2,2020,4,BRN,
-3.8,2020,4,BGR,
0.8,2020,4,BFA,
-1.3,2020,4,BDI,
-14.0,2020,4,CPV,
-3.5,2020,4,KHM,
-2.8,2020,4,CMR,
-5.4,2020,4,CAN,
0.0,2020,4,CAF,
-0.9,2020,4,TCD,
-5.8,2020,4,CHL,
2.3,2020,4,CHN,
-6.8,2020,4,COL,
-0.5,2020,4,COM,
-4.8,2020,4,CRI,
-9.0,2020,4,HRV,
-5.1,2020,4,CYP,
-3.3,2020,4,DNK,
-1.0,2020,4,DJI,
-10.4,2020,4,DMA,
-6.7,2020,4,DOM,
-7.5,2020,4,ECU,
3.6,2020,4,EGY,
-8.6,2020,4,SLV,
-5.8,2020,4,GNQ,
-0.6,2020,4,ERI,
-2.9,2020,4,EST,
-3.3,2020,4,SWZ,
6.1,2020,4,ETH,
-19.0,2020,4,FJI,
-2.9,2020,4,FIN,
-8.2,2020,4,FRA,
-1.8,2020,4,GAB,
-6.1,2020,4,GEO,
-4.9,2020,4,DEU,
0.9,2020,4,GHA,
-8.2,2020,4,GRC,
-13.5,2020,4,GRD,
-1.5,2020,4,GTM,
5.2,2020,4,GIN,
-2.4,2020,4,GNB,
43.4,2020,4,GUY,
-3.7,2020,4,HTI,
-8.0,2020,4,HND,
-5.0,2020,4,HUN,
-6.6,2020,4,ISL,
-8.0,2020,4,IND,
-2.1,2020,4,IDN,
-10.9,2020,4,IRQ,
2.5,2020,4,IRL,
-2.4,2020,4,ISR,
-8.9,2020,4,ITA,
-10.2,2020,4,JAM,
-4.8,2020,4,JPN,
-2.0,2020,4,JOR,
-2.6,2020,4,KAZ,
-0.1,2020,4,KEN,
-0.5,2020,4,KIR,
-8.1,2020,4,KWT,
-3.6,2020,4,LVA,
-25.0,2020,4,LBN,
-4.5,2020,4,LSO,
-3.0,2020,4,LBR,
-59.7,2020,4,LBY,
-0.8,2020,4,LTU,
-1.3,2020,4,LUX,
-4.2,2020,4,MDG,
0.6,2020,4,MWI,
-5.6,2020,4,MYS,
-32.2,2020,4,MDV,
-2.0,2020,4,MLI,
-7.0,2020,4,MLT,
-3.3,2020,4,MHL,
-2.2,2020,4,MRT,
-15.8,2020,4,MUS,
-8.2,2020,4,MEX,
-5.3,2020,4,MNG,
-15.2,2020,4,MNE,
-7.0,2020,4,MAR,
-0.5,2020,4,MOZ,
3.2,2020,4,MMR,
-7.2,2020,4,NAM,
0.7,2020,4,NRU,
-1.9,2020,4,NPL,
-3.8,2020,4,NLD,
-3.0,2020,4,NZL,
-3.0,2020,4,NIC,
1.2,2020,4,NER,
-1.8,2020,4,NGA,
-0.8,2020,4,NOR,
-6.4,2020,4,OMN,
-0.4,2020,4,PAK,
-10.3,2020,4,PLW,
-17.9,2020,4,PAN,
-3.9,2020,4,PNG,
-0.9,2020,4,PRY,
-11.1,2020,4,PER,
-9.5,2020,4,PHL,
-2.7,2020,4,POL,
-7.6,2020,4,PRT,
-7.5,2020,4,PRI,
-2.6,2020,4,QAT,
-3.9,2020,4,ROU,
-3.1,2020,4,RUS,
-0.2,2020,4,RWA,
-18.7,2020,4,KNA,
-18.9,2020,4,LCA,
-4.2,2020,4,VCT,
-3.2,2020,4,WSM,
-9.7,2020,4,SMR,
-4.1,2020,4,SAU,
0.8,2020,4,SEN,
-1.0,2020,4,SRB,
-13.4,2020,4,SYC,
-2.2,2020,4,SLE,
-5.4,2020,4,SGP,
-5.5,2020,4,SVN,
-4.3,2020,4,SLB,
-1.5,2020,4,SOM,
-7.0,2020,4,ZAF,
-11.0,2020,4,ESP,
-3.6,2020,4,LKA,
-3.6,2020,4,SDN,
-13.5,2020,4,SUR,
-2.8,2020,4,SWE,
-3.0,2020,4,CHE,
4.5,2020,4,TJK,
-6.1,2020,4,THA,
-6.8,2020,4,TLS,
0.7,2020,4,TGO,
-0.5,2020,4,TON,
-7.8,2020,4,TTO,
-8.8,2020,4,TUN,
1.8,2020,4,TUR,
0.8,2020,4,TKM,
0.5,2020,4,TUV,
-2.1,2020,4,UGA,
-4.2,2020,4,UKR,
-5.9,2020,4,ARE,
-9.9,2020,4,GBR,
-3.5,2020,4,USA,
-5.7,2020,4,URY,
1.6,2020,4,UZB,
-9.2,2020,4,VUT,
-5.0,2020,4,YEM,
-3.5,2020,4,ZMB,
-8.0,2020,4,ZWE,
4.0,2021,4,AFG,
5.0,2021,4,ALB,
2.9,2021,4,DZA,
0.4,2021,4,AGO,
-3.0,2021,4,ATG,
5.8,2021,4,ARG,
1.0,2021,4,ARM,
5.0,2021,4,ABW,
4.5,2021,4,AUS,
3.5,2021,4,AUT,
2.3,2021,4,AZE,
3.3,2021,4,BHR,
5.0,2021,4,BGD,
4.1,2021,4,BRB,
-0.4,2021,4,BLR,
4.0,2021,4,BEL,
1.9,2021,4,BLZ,
5.0,2021,4,BEN,
-1.9,2021,4,BTN,
3.5,2021,4,BIH,
7.5,2021,4,BWA,
3.7,2021,4,BRA,
1.6,2021,4,BRN,
4.4,2021,4,BGR,
4.3,2021,4,BFA,
2.8,2021,4,BDI,
5.8,2021,4,CPV,
4.2,2021,4,KHM,
3.4,2021,4,CMR,
5.0,2021,4,CAN,
3.5,2021,4,CAF,
1.8,2021,4,TCD,
6.2,2021,4,CHL,
8.4,2021,4,CHN,
5.1,2021,4,COL,
0.0,2021,4,COM,
2.6,2021,4,CRI,
4.7,2021,4,HRV,
3.0,2021,4,CYP,
2.8,2021,4,DNK,
5.0,2021,4,DJI,
-0.4,2021,4,DMA,
5.5,2021,4,DOM,
2.5,2021,4,ECU,
2.5,2021,4,EGY,
4.2,2021,4,SLV,
4.0,2021,4,GNQ,
2.0,2021,4,ERI,
3.4,2021,4,EST,
1.4,2021,4,SWZ,
2.0,2021,4,ETH,
5.0,2021,4,FJI,
2.3,2021,4,FIN,
5.8,2021,4,FRA,
1.2,2021,4,GAB,
3.5,2021,4,GEO,
3.6,2021,4,DEU,
4.6,2021,4,GHA,
3.8,2021,4,GRC,
-1.5,2021,4,GRD,
4.5,2021,4,GTM,
5.6,2021,4,GIN,
3.0,2021,4,GNB,
16.4,2021,4,GUY,
1.0,2021,4,HTI,
4.5,2021,4,HND,
4.3,2021,4,HUN,
3.7,2021,4,ISL,
12.5,2021,4,IND,
4.3,2021,4,IDN,
1.1,2021,4,IRQ,
4.2,2021,4,IRL,
5.0,2021,4,ISR,
4.2,2021,4,ITA,
1.5,2021,4,JAM,
3.3,2021,4,JPN,
2.0,2021,4,JOR,
3.2,2021,4,KAZ,
7.6,2021,4,KEN,
1.8,2021,4,KIR,
0.7,2021,4,KWT,
3.9,2021,4,LVA,
3.5,2021,4,LSO,
3.6,2021,4,LBR,
131.0,2021,4,LBY,
3.2,2021,4,LTU,
4.1,2021,4,LUX,
3.2,2021,4,MDG,
2.2,2021,4,MWI,
6.5,2021,4,MYS,
18.9,2021,4,MDV,
4.0,2021,4,MLI,
4.7,2021,4,MLT,
-1.5,2021,4,MHL,
3.1,2021,4,MRT,
6.6,2021,4,MUS,
5.0,2021,4,MEX,
5.0,2021,4,MNG,
9.0,2021,4,MNE,
4.5,2021,4,MAR,
2.1,2021,4,MOZ,
-8.9,2021,4,MMR,
2.6,2021,4,NAM,
1.6,2021,4,NRU,
2.9,2021,4,NPL,
3.5,2021,4,NLD,
4.0,2021,4,NZL,
0.2,2021,4,NIC,
6.9,2021,4,NER,
2.5,2021,4,NGA,
3.9,2021,4,NOR,
1.8,2021,4,OMN,
1.5,2021,4,PAK,
-10.8,2021,4,PLW,
12.0,2021,4,PAN,
3.5,2021,4,PNG,
4.0,2021,4,PRY,
8.5,2021,4,PER,
6.9,2021,4,PHL,
3.5,2021,4,POL,
3.9,2021,4,PRT,
2.5,2021,4,PRI,
2.4,2021,4,QAT,
6.0,2021,4,ROU,
3.8,2021,4,RUS,
5.7,2021,4,RWA,
-2.0,2021,4,KNA,
3.1,2021,4,LCA,
-0.1,2021,4,VCT,
-7.8,2021,4,WSM,
4.5,2021,4,SMR,
2.9,2021,4,SAU,
5.2,2021,4,SEN,
5.0,2021,4,SRB,
1.8,2021,4,SYC,
3.0,2021,4,SLE,
5.2,2021,4,SGP,
3.7,2021,4,SVN,
1.5,2021,4,SLB,
2.9,2021,4,SOM,
3.1,2021,4,ZAF,
6.4,2021,4,ESP,
4.0,2021,4,LKA,
0.4,2021,4,SDN,
0.7,2021,4,SUR,
3.1,2021,4,SWE,
3.5,2021,4,CHE,
5.0,2021,4,TJK,
2.6,2021,4,THA,
2.8,2021,4,TLS,
3.5,2021,4,TGO,
-2.5,2021,4,TON,
2.1,2021,4,TTO,
3.8,2021,4,TUN,
6.0,2021,4,TUR,
4.6,2021,4,TKM,
2.5,2021,4,TUV,
6.3,2021,4,UGA,
4.0,2021,4,UKR,
3.1,2021,4,ARE,
5.3,2021,4,GBR,
6.4,2021,4,USA,
3.0,2021,4,URY,
5.0,2021,4,UZB,
3.2,2021,4,VUT,
0.5,2021,4,YEM,
0.6,2021,4,ZMB,
3.1,2021,4,ZWE,
4.5,2022,4,AFG,
4.0,2022,4,ALB,
2.7,2022,4,DZA,
2.4,2022,4,AGO,
11.9,2022,4,ATG,
2.5,2022,4,ARG,
3.5,2022,4,ARM,
12.0,2022,4,ABW,
2.8,2022,4,AUS,
4.0,2022,4,AUT,
1.7,2022,4,AZE,
3.1,2022,4,BHR,
7.5,2022,4,BGD,
7.7,2022,4,BRB,
0.8,2022,4,BLR,
3.1,2022,4,BEL,
6.4,2022,4,BLZ,
6.0,2022,4,BEN,
5.7,2022,4,BTN,
3.2,2022,4,BIH,
5.4,2022,4,BWA,
2.6,2022,4,BRA,
2.5,2022,4,BRN,
4.4,2022,4,BGR,
5.2,2022,4,BFA,
3.7,2022,4,BDI,
6.0,2022,4,CPV,
6.0,2022,4,KHM,
4.3,2022,4,CMR,
4.7,2022,4,CAN,
5.0,2022,4,CAF,
2.6,2022,4,TCD,
3.8,2022,4,CHL,
5.6,2022,4,CHN,
3.6,2022,4,COL,
3.6,2022,4,COM,
3.3,2022,4,CRI,
5.0,2022,4,HRV,
3.9,2022,4,CYP,
2.9,2022,4,DNK,
5.5,2022,4,DJI,
5.8,2022,4,DMA,
5.0,2022,4,DOM,
1.3,2022,4,ECU,
5.7,2022,4,EGY,
2.8,2022,4,SLV,
-5.9,2022,4,GNQ,
4.9,2022,4,ERI,
4.2,2022,4,EST,
0.9,2022,4,SWZ,
8.7,2022,4,ETH,
9.0,2022,4,FJI,
2.5,2022,4,FIN,
4.2,2022,4,FRA,
2.7,2022,4,GAB,
5.8,2022,4,GEO,
3.4,2022,4,DEU,
6.1,2022,4,GHA,
5.0,2022,4,GRC,
5.2,2022,4,GRD,
4.0,2022,4,GTM,
5.2,2022,4,GIN,
4.0,2022,4,GNB,
46.5,2022,4,GUY,
1.0,2022,4,HTI,
3.3,2022,4,HND,
5.9,2022,4,HUN,
3.6,2022,4,ISL,
6.9,2022,4,IND,
5.8,2022,4,IDN,
4.4,2022,4,IRQ,
4.8,2022,4,IRL,
4.3,2022,4,ISR,
3.6,2022,4,ITA,
5.7,2022,4,JAM,
2.5,2022,4,JPN,
2.7,2022,4,JOR,
4.0,2022,4,KAZ,
5.7,2022,4,KEN,
2.5,2022,4,KIR,
3.2,2022,4,KWT,
5.2,2022,4,LVA,
4.3,2022,4,LSO,
4.7,2022,4,LBR,
5.4,2022,4,LBY,
3.2,2022,4,LTU,
3.6,2022,4,LUX,
5.0,2022,4,MDG,
6.5,2022,4,MWI,
6.0,2022,4,MYS,
13.4,2022,4,MDV,
6.0,2022,4,MLI,
5.6,2022,4,MLT,
3.5,2022,4,MHL,
5.6,2022,4,MRT,
5.2,2022,4,MUS,
3.0,2022,4,MEX,
7.5,2022,4,MNG,
5.5,2022,4,MNE,
3.9,2022,4,MAR,
4.7,2022,4,MOZ,
1.4,2022,4,MMR,
3.3,2022,4,NAM,
0.9,2022,4,NRU,
4.2,2022,4,NPL,
3.0,2022,4,NLD,
3.2,2022,4,NZL,
2.7,2022,4,NIC,
12.8,2022,4,NER,
2.3,2022,4,NGA,
4.0,2022,4,NOR,
7.4,2022,4,OMN,
4.0,2022,4,PAK,
10.4,2022,4,PLW,
5.0,2022,4,PAN,
4.2,2022,4,PNG,
4.0,2022,4,PRY,
5.2,2022,4,PER,
6.5,2022,4,PHL,
4.5,2022,4,POL,
4.8,2022,4,PRT,
0.7,2022,4,PRI,
3.6,2022,4,QAT,
4.8,2022,4,ROU,
3.8,2022,4,RUS,
6.8,2022,4,RWA,
10.0,2022,4,KNA,
10.7,2022,4,LCA,
4.9,2022,4,VCT,
1.7,2022,4,WSM,
3.4,2022,4,SMR,
4.0,2022,4,SAU,
6.0,2022,4,SEN,
4.5,2022,4,SRB,
4.3,2022,4,SYC,
3.6,2022,4,SLE,
3.2,2022,4,SGP,
4.5,2022,4,SVN,
4.5,2022,4,SLB,
3.2,2022,4,SOM,
2.0,2022,4,ZAF,
4.7,2022,4,ESP,
4.1,2022,4,LKA,
1.1,2022,4,SDN,
1.5,2022,4,SUR,
3.0,2022,4,SWE,
2.8,2022,4,CHE,
4.5,2022,4,TJK,
5.6,2022,4,THA,
4.9,2022,4,TLS,
4.5,2022,4,TGO,
2.5,2022,4,TON,
4.1,2022,4,TTO,
2.4,2022,4,TUN,
3.5,2022,4,TUR,
3.9,2022,4,TKM,
3.5,2022,4,TUV,
5.0,2022,4,UGA,
3.4,2022,4,UKR,
2.6,2022,4,ARE,
5.1,2022,4,GBR,
3.5,2022,4,USA,
3.1,2022,4,URY,
5.3,2022,4,UZB,
4.6,2022,4,VUT,
2.5,2022,4,YEM,
1.1,2022,4,ZMB,
4.0,2022,4,ZWE,
4.5,2023,4,AFG,
4.0,2023,4,ALB,
1.1,2023,4,DZA,
3.5,2023,4,AGO,
6.3,2023,4,ATG,
2.1,2023,4,ARG,
5.2,2023,4,ARM,
7.5,2023,4,ABW,
2.3,2023,4,AUS,
2.3,2023,4,AUT,
1.7,2023,4,AZE,
3.1,2023,4,BHR,
7.3,2023,4,BGD,
4.8,2023,4,BRB,
1.2,2023,4,BLR,
2.1,2023,4,BEL,
4.2,2023,4,BLZ,
6.5,2023,4,BEN,
5.6,2023,4,BTN,
3.0,2023,4,BIH,
4.3,2023,4,BWA,
2.1,2023,4,BRA,
2.3,2023,4,BRN,
3.9,2023,4,BGR,
5.6,2023,4,BFA,
3.7,2023,4,BDI,
6.1,2023,4,CPV,
6.3,2023,4,KHM,
4.8,2023,4,CMR,
2.2,2023,4,CAN,
5.0,2023,4,CAF,
2.8,2023,4,TCD,
2.7,2023,4,CHL,
5.4,2023,4,CHN,
4.0,2023,4,COL,
3.7,2023,4,COM,
3.1,2023,4,CRI,
4.2,2023,4,HRV,
3.1,2023,4,CYP,
1.8,2023,4,DNK,
6.0,2023,4,DJI,
3.9,2023,4,DMA,
5.0,2023,4,DOM,
1.7,2023,4,ECU,
5.6,2023,4,EGY,
2.5,2023,4,SLV,
-1.4,2023,4,GNQ,
3.8,2023,4,ERI,
3.5,2023,4,EST,
1.1,2023,4,SWZ,
8.2,2023,4,ETH,
6.5,2023,4,FJI,
1.5,2023,4,FIN,
1.7,2023,4,FRA,
3.5,2023,4,GAB,
5.5,2023,4,GEO,
1.6,2023,4,DEU,
4.5,2023,4,GHA,
2.4,2023,4,GRC,
5.1,2023,4,GRD,
3.5,2023,4,GTM,
5.0,2023,4,GIN,
5.0,2023,4,GNB,
30.6,2023,4,GUY,
1.1,2023,4,HTI,
3.5,2023,4,HND,
3.8,2023,4,HUN,
2.4,2023,4,ISL,
6.8,2023,4,IND,
5.7,2023,4,IDN,
6.0,2023,4,IRQ,
3.7,2023,4,IRL,
3.8,2023,4,ISR,
1.6,2023,4,ITA,
4.4,2023,4,JAM,
1.1,2023,4,JPN,
3.1,2023,4,JOR,
4.8,2023,4,KAZ,
6.1,2023,4,KEN,
2.3,2023,4,KIR,
2.4,2023,4,KWT,
3.9,2023,4,LVA,
4.0,2023,4,LSO,
4.9,2023,4,LBR,
4.9,2023,4,LBY,
3.1,2023,4,LTU,
3.0,2023,4,LUX,
5.4,2023,4,MDG,
6.5,2023,4,MWI,
5.7,2023,4,MYS,
12.6,2023,4,MDV,
5.0,2023,4,MLI,
4.6,2023,4,MLT,
2.5,2023,4,MHL,
7.5,2023,4,MRT,
4.0,2023,4,MUS,
2.1,2023,4,MEX,
6.0,2023,4,MNG,
4.1,2023,4,MNE,
3.7,2023,4,MAR,
8.7,2023,4,MOZ,
4.7,2023,4,MMR,
3.0,2023,4,NAM,
0.8,2023,4,NRU,
6.0,2023,4,NPL,
1.8,2023,4,NLD,
2.6,2023,4,NZL,
2.0,2023,4,NIC,
11.1,2023,4,NER,
2.3,2023,4,NGA,
2.8,2023,4,NOR,
2.7,2023,4,OMN,
4.5,2023,4,PAK,
14.1,2023,4,PLW,
5.0,2023,4,PAN,
2.5,2023,4,PNG,
4.0,2023,4,PRY,
4.8,2023,4,PER,
6.5,2023,4,PHL,
4.0,2023,4,POL,
2.5,2023,4,PRT,
0.0,2023,4,PRI,
2.2,2023,4,QAT,
3.8,2023,4,ROU,
2.1,2023,4,RUS,
8.0,2023,4,RWA,
8.0,2023,4,KNA,
3.2,2023,4,LCA,
3.3,2023,4,VCT,
3.0,2023,4,WSM,
1.5,2023,4,SMR,
2.8,2023,4,SAU,
11.5,2023,4,SEN,
4.0,2023,4,SRB,
4.2,2023,4,SYC,
3.8,2023,4,SLE,
2.7,2023,4,SGP,
3.6,2023,4,SVN,
4.3,2023,4,SLB,
3.4,2023,4,SOM,
1.4,2023,4,ZAF,
2.8,2023,4,ESP,
4.1,2023,4,LKA,
2.6,2023,4,SDN,
2.0,2023,4,SUR,
2.3,2023,4,SWE,
1.4,2023,4,CHE,
4.0,2023,4,TJK,
3.8,2023,4,THA,
2.6,2023,4,TLS,
5.0,2023,4,TGO,
3.5,2023,4,TON,
2.1,2023,4,TTO,
2.0,2023,4,TUN,
3.5,2023,4,TUR,
3.9,2023,4,TKM,
3.8,2023,4,TUV,
5.5,2023,4,UGA,
3.4,2023,4,UKR,
2.6,2023,4,ARE,
2.0,2023,4,GBR,
1.4,2023,4,USA,
2.7,2023,4,URY,
5.5,2023,4,UZB,
3.8,2023,4,VUT,
7.0,2023,4,YEM,
1.4,2023,4,ZMB,
2.5,2023,4,ZWE,
4.0,2024,4,AFG,
3.5,2024,4,ALB,
1.0,2024,4,DZA,
3.8,2024,4,AGO,
5.9,2024,4,ATG,
1.7,2024,4,ARG,
4.7,2024,4,ARM,
6.3,2024,4,ABW,
2.3,2024,4,AUS,
2.0,2024,4,AUT,
1.7,2024,4,AZE,
3.1,2024,4,BHR,
7.3,2024,4,BGD,
2.7,2024,4,BRB,
2.2,2024,4,BLR,
1.6,2024,4,BEL,
2.0,2024,4,BLZ,
6.5,2024,4,BEN,
7.6,2024,4,BTN,
3.0,2024,4,BIH,
3.9,2024,4,BWA,
2.0,2024,4,BRA,
2.1,2024,4,BRN,
3.2,2024,4,BGR,
5.6,2024,4,BFA,
3.7,2024,4,BDI,
6.1,2024,4,CPV,
6.6,2024,4,KHM,
5.4,2024,4,CMR,
1.4,2024,4,CAN,
5.0,2024,4,CAF,
4.5,2024,4,TCD,
2.5,2024,4,CHL,
5.3,2024,4,CHN,
3.8,2024,4,COL,
3.8,2024,4,COM,
3.1,2024,4,CRI,
3.5,2024,4,HRV,
2.8,2024,4,CYP,
1.8,2024,4,DNK,
6.0,2024,4,DJI,
2.9,2024,4,DMA,
5.0,2024,4,DOM,
2.0,2024,4,ECU,
5.6,2024,4,EGY,
2.3,2024,4,SLV,
-1.4,2024,4,GNQ,
3.9,2024,4,ERI,
3.2,2024,4,EST,
2.0,2024,4,SWZ,
8.0,2024,4,ETH,
4.8,2024,4,FJI,
1.3,2024,4,FIN,
1.5,2024,4,FRA,
3.6,2024,4,GAB,
5.2,2024,4,GEO,
1.5,2024,4,DEU,
4.4,2024,4,GHA,
1.5,2024,4,GRC,
3.6,2024,4,GRD,
3.5,2024,4,GTM,
5.0,2024,4,GIN,
5.0,2024,4,GNB,
2.9,2024,4,GUY,
1.2,2024,4,HTI,
3.6,2024,4,HND,
3.2,2024,4,HUN,
2.4,2024,4,ISL,
6.7,2024,4,IND,
5.4,2024,4,IDN,
4.4,2024,4,IRQ,
2.8,2024,4,IRL,
3.5,2024,4,ISR,
0.9,2024,4,ITA,
3.0,2024,4,JAM,
0.7,2024,4,JPN,
3.3,2024,4,JOR,
3.5,2024,4,KAZ,
6.1,2024,4,KEN,
2.1,2024,4,KIR,
2.4,2024,4,KWT,
3.2,2024,4,LVA,
1.7,2024,4,LSO,
5.7,2024,4,LBR,
0.7,2024,4,LBY,
2.7,2024,4,LTU,
2.7,2024,4,LUX,
5.2,2024,4,MDG,
6.3,2024,4,MWI,
5.3,2024,4,MYS,
6.3,2024,4,MDV,
5.0,2024,4,MLI,
4.5,2024,4,MLT,
2.0,2024,4,MHL,
4.7,2024,4,MRT,
3.5,2024,4,MUS,
2.0,2024,4,MEX,
5.0,2024,4,MNG,
3.2,2024,4,MNE,
3.6,2024,4,MAR,
11.1,2024,4,MOZ,
5.0,2024,4,MMR,
2.5,2024,4,NAM,
0.6,2024,4,NRU,
5.4,2024,4,NPL,
1.6,2024,4,NLD,
2.5,2024,4,NZL,
1.8,2024,4,NIC,
6.6,2024,4,NER,
2.3,2024,4,NGA,
2.1,2024,4,NOR,
2.2,2024,4,OMN,
5.0,2024,4,PAK,
1.8,2024,4,PLW,
5.0,2024,4,PAN,
2.6,2024,4,PNG,
3.5,2024,4,PRY,
3.4,2024,4,PER,
6.5,2024,4,PHL,
3.0,2024,4,POL,
2.3,2024,4,PRT,
-0.3,2024,4,PRI,
1.8,2024,4,QAT,
3.7,2024,4,ROU,
1.8,2024,4,RUS,
7.5,2024,4,RWA,
5.5,2024,4,KNA,
2.4,2024,4,LCA,
3.1,2024,4,VCT,
3.5,2024,4,WSM,
1.1,2024,4,SMR,
2.8,2024,4,SAU,
8.6,2024,4,SEN,
4.0,2024,4,SRB,
3.8,2024,4,SYC,
5.0,2024,4,SLE,
2.6,2024,4,SGP,
3.1,2024,4,SVN,
3.3,2024,4,SLB,
3.6,2024,4,SOM,
1.3,2024,4,ZAF,
2.4,2024,4,ESP,
4.2,2024,4,LKA,
3.6,2024,4,SDN,
1.7,2024,4,SUR,
2.1,2024,4,SWE,
1.8,2024,4,CHE,
4.0,2024,4,TJK,
3.5,2024,4,THA,
2.0,2024,4,TLS,
5.5,2024,4,TGO,
3.0,2024,4,TON,
1.5,2024,4,TTO,
1.8,2024,4,TUN,
3.5,2024,4,TUR,
3.9,2024,4,TKM,
4.0,2024,4,TUV,
6.5,2024,4,UGA,
3.8,2024,4,UKR,
2.6,2024,4,ARE,
1.8,2024,4,GBR,
1.5,2024,4,USA,
2.6,2024,4,URY,
5.5,2024,4,UZB,
3.2,2024,4,VUT,
6.5,2024,4,YEM,
1.6,2024,4,ZMB,
2.5,2024,4,ZWE,
4.0,2025,4,AFG,
3.5,2025,4,ALB,
1.0,2025,4,DZA,
3.9,2025,4,AGO,
3.9,2025,4,ATG,
1.6,2025,4,ARG,
4.5,2025,4,ARM,
1.6,2025,4,ABW,
2.4,2025,4,AUS,
1.8,2025,4,AUT,
1.7,2025,4,AZE,
3.1,2025,4,BHR,
7.3,2025,4,BGD,
1.8,2025,4,BRB,
1.4,2025,4,BLR,
1.3,2025,4,BEL,
2.0,2025,4,BLZ,
6.5,2025,4,BEN,
5.8,2025,4,BTN,
3.0,2025,4,BIH,
3.9,2025,4,BWA,
2.0,2025,4,BRA,
2.1,2025,4,BRN,
3.0,2025,4,BGR,
5.6,2025,4,BFA,
2.8,2025,4,BDI,
6.2,2025,4,CPV,
6.7,2025,4,KHM,
5.4,2025,4,CMR,
1.4,2025,4,CAN,
5.0,2025,4,CAF,
4.6,2025,4,TCD,
2.5,2025,4,CHL,
5.1,2025,4,CHN,
3.8,2025,4,COL,
3.8,2025,4,COM,
3.2,2025,4,CRI,
3.7,2025,4,HRV,
2.6,2025,4,CYP,
1.8,2025,4,DNK,
6.0,2025,4,DJI,
2.4,2025,4,DMA,
5.0,2025,4,DOM,
2.3,2025,4,ECU,
5.8,2025,4,EGY,
2.1,2025,4,SLV,
-3.2,2025,4,GNQ,
3.9,2025,4,ERI,
3.0,2025,4,EST,
2.1,2025,4,SWZ,
8.0,2025,4,ETH,
3.7,2025,4,FJI,
1.3,2025,4,FIN,
1.4,2025,4,FRA,
3.8,2025,4,GAB,
5.2,2025,4,GEO,
1.2,2025,4,DEU,
6.8,2025,4,GHA,
1.5,2025,4,GRC,
2.7,2025,4,GRD,
3.5,2025,4,GTM,
5.0,2025,4,GIN,
5.0,2025,4,GNB,
3.1,2025,4,GUY,
1.3,2025,4,HTI,
3.7,2025,4,HND,
2.6,2025,4,HUN,
2.3,2025,4,ISL,
6.6,2025,4,IND,
5.2,2025,4,IDN,
3.2,2025,4,IRQ,
2.7,2025,4,IRL,
3.2,2025,4,ISR,
0.9,2025,4,ITA,
2.2,2025,4,JAM,
0.6,2025,4,JPN,
3.3,2025,4,JOR,
3.5,2025,4,KAZ,
6.1,2025,4,KEN,
2.0,2025,4,KIR,
2.5,2025,4,KWT,
3.2,2025,4,LVA,
1.8,2025,4,LSO,
5.5,2025,4,LBR,
4.4,2025,4,LBY,
2.6,2025,4,LTU,
2.5,2025,4,LUX,
5.0,2025,4,MDG,
6.2,2025,4,MWI,
5.0,2025,4,MYS,
5.6,2025,4,MDV,
5.0,2025,4,MLI,
4.5,2025,4,MLT,
1.8,2025,4,MHL,
3.7,2025,4,MRT,
3.3,2025,4,MUS,
2.0,2025,4,MEX,
5.0,2025,4,MNG,
3.0,2025,4,MNE,
3.6,2025,4,MAR,
11.3,2025,4,MOZ,
5.0,2025,4,MMR,
2.5,2025,4,NAM,
0.5,2025,4,NRU,
5.2,2025,4,NPL,
1.5,2025,4,NLD,
2.4,2025,4,NZL,
2.1,2025,4,NIC,
6.3,2025,4,NER,
2.2,2025,4,NGA,
1.9,2025,4,NOR,
1.7,2025,4,OMN,
5.0,2025,4,PAK,
2.0,2025,4,PLW,
5.0,2025,4,PAN,
2.8,2025,4,PNG,
3.5,2025,4,PRY,
3.3,2025,4,PER,
6.5,2025,4,PHL,
2.9,2025,4,POL,
1.8,2025,4,PRT,
-0.4,2025,4,PRI,
2.2,2025,4,QAT,
3.5,2025,4,ROU,
1.8,2025,4,RUS,
7.5,2025,4,RWA,
2.7,2025,4,KNA,
1.8,2025,4,LCA,
2.7,2025,4,VCT,
2.5,2025,4,WSM,
1.1,2025,4,SMR,
2.8,2025,4,SAU,
6.0,2025,4,SEN,
4.0,2025,4,SRB,
3.7,2025,4,SYC,
5.1,2025,4,SLE,
2.5,2025,4,SGP,
2.7,2025,4,SVN,
3.0,2025,4,SLB,
3.9,2025,4,SOM,
1.3,2025,4,ZAF,
1.4,2025,4,ESP,
4.2,2025,4,LKA,
4.3,2025,4,SDN,
1.3,2025,4,SUR,
2.0,2025,4,SWE,
1.2,2025,4,CHE,
4.0,2025,4,TJK,
3.6,2025,4,THA,
2.8,2025,4,TLS,
5.5,2025,4,TGO,
2.0,2025,4,TON,
1.5,2025,4,TTO,
1.8,2025,4,TUN,
3.5,2025,4,TUR,
3.8,2025,4,TKM,
4.0,2025,4,TUV,
7.0,2025,4,UGA,
4.0,2025,4,UKR,
2.6,2025,4,ARE,
1.5,2025,4,GBR,
1.6,2025,4,USA,
2.3,2025,4,URY,
5.5,2025,4,UZB,
3.2,2025,4,VUT,
6.0,2025,4,YEM,
1.6,2025,4,ZMB,
2.5,2025,4,ZWE,
4.0,2026,4,AFG,
3.5,2026,4,ALB,
1.1,2026,4,DZA,
3.7,2026,4,AGO,
3.0,2026,4,ATG,
1.5,2026,4,ARG,
4.5,2026,4,ARM,
1.4,2026,4,ABW,
2.5,2026,4,AUS,
1.8,2026,4,AUT,
1.7,2026,4,AZE,
3.1,2026,4,BHR,
7.2,2026,4,BGD,
1.8,2026,4,BRB,
1.4,2026,4,BLR,
1.3,2026,4,BEL,
2.0,2026,4,BLZ,
6.4,2026,4,BEN,
5.8,2026,4,BTN,
3.0,2026,4,BIH,
3.9,2026,4,BWA,
2.0,2026,4,BRA,
2.0,2026,4,BRN,
2.8,2026,4,BGR,
5.6,2026,4,BFA,
3.0,2026,4,BDI,
6.2,2026,4,CPV,
6.8,2026,4,KHM,
5.5,2026,4,CMR,
1.5,2026,4,CAN,
4.8,2026,4,CAF,
3.8,2026,4,TCD,
2.5,2026,4,CHL,
4.9,2026,4,CHN,
3.6,2026,4,COL,
3.8,2026,4,COM,
3.3,2026,4,CRI,
3.0,2026,4,HRV,
2.5,2026,4,CYP,
1.8,2026,4,DNK,
6.0,2026,4,DJI,
1.5,2026,4,DMA,
5.0,2026,4,DOM,
2.5,2026,4,ECU,
5.8,2026,4,EGY,
2.0,2026,4,SLV,
-2.4,2026,4,GNQ,
3.9,2026,4,ERI,
3.0,2026,4,EST,
2.3,2026,4,SWZ,
8.0,2026,4,ETH,
3.3,2026,4,FJI,
1.3,2026,4,FIN,
1.2,2026,4,FRA,
3.9,2026,4,GAB,
5.2,2026,4,GEO,
1.1,2026,4,DEU,
5.4,2026,4,GHA,
1.4,2026,4,GRC,
2.7,2026,4,GRD,
3.5,2026,4,GTM,
5.0,2026,4,GIN,
5.0,2026,4,GNB,
3.0,2026,4,GUY,
1.4,2026,4,HTI,
3.9,2026,4,HND,
2.6,2026,4,HUN,
2.3,2026,4,ISL,
6.5,2026,4,IND,
5.2,2026,4,IDN,
3.3,2026,4,IRQ,
2.6,2026,4,IRL,
3.1,2026,4,ISR,
0.8,2026,4,ITA,
2.2,2026,4,JAM,
0.5,2026,4,JPN,
3.3,2026,4,JOR,
4.4,2026,4,KAZ,
6.1,2026,4,KEN,
2.0,2026,4,KIR,
2.5,2026,4,KWT,
3.0,2026,4,LVA,
3.2,2026,4,LSO,
5.7,2026,4,LBR,
4.2,2026,4,LBY,
2.3,2026,4,LTU,
2.5,2026,4,LUX,
5.0,2026,4,MDG,
6.0,2026,4,MWI,
5.0,2026,4,MYS,
5.5,2026,4,MDV,
5.0,2026,4,MLI,
4.5,2026,4,MLT,
1.6,2026,4,MHL,
3.8,2026,4,MRT,
3.3,2026,4,MUS,
2.0,2026,4,MEX,
5.0,2026,4,MNG,
3.0,2026,4,MNE,
3.5,2026,4,MAR,
5.3,2026,4,MOZ,
5.1,2026,4,MMR,
2.5,2026,4,NAM,
0.5,2026,4,NRU,
5.2,2026,4,NPL,
1.5,2026,4,NLD,
2.5,2026,4,NZL,
2.8,2026,4,NIC,
5.8,2026,4,NER,
2.2,2026,4,NGA,
1.7,2026,4,NOR,
2.0,2026,4,OMN,
5.0,2026,4,PAK,
2.0,2026,4,PLW,
5.0,2026,4,PAN,
2.8,2026,4,PNG,
3.5,2026,4,PRY,
3.3,2026,4,PER,
6.5,2026,4,PHL,
2.6,2026,4,POL,
1.7,2026,4,PRT,
-0.4,2026,4,PRI,
1.9,2026,4,QAT,
3.5,2026,4,ROU,
1.8,2026,4,RUS,
6.1,2026,4,RWA,
2.7,2026,4,KNA,
1.4,2026,4,LCA,
2.7,2026,4,VCT,
2.1,2026,4,WSM,
1.1,2026,4,SMR,
2.8,2026,4,SAU,
6.5,2026,4,SEN,
4.0,2026,4,SRB,
3.5,2026,4,SYC,
4.8,2026,4,SLE,
2.5,2026,4,SGP,
2.5,2026,4,SVN,
2.9,2026,4,SLB,
4.3,2026,4,SOM,
1.3,2026,4,ZAF,
1.4,2026,4,ESP,
4.2,2026,4,LKA,
4.4,2026,4,SDN,
1.0,2026,4,SUR,
2.0,2026,4,SWE,
1.8,2026,4,CHE,
4.0,2026,4,TJK,
3.6,2026,4,THA,
3.0,2026,4,TLS,
5.5,2026,4,TGO,
1.8,2026,4,TON,
1.5,2026,4,TTO,
1.8,2026,4,TUN,
3.5,2026,4,TUR,
3.7,2026,4,TKM,
4.0,2026,4,TUV,
6.4,2026,4,UGA,
4.0,2026,4,UKR,
2.6,2026,4,ARE,
1.4,2026,4,GBR,
1.6,2026,4,USA,
2.3,2026,4,URY,
5.5,2026,4,UZB,
2.7,2026,4,VUT,
5.5,2026,4,YEM,
1.6,2026,4,ZMB,
2.5,2026,4,ZWE,
